iso3,name,value,value_share,area_share,error,area_km2,density
USA,United States,41312799193229.71,0.20776641668274975,0.20684408448591113,-0.0044392746987930165,9513248.93861455,4342659.322782975
CHN,China,41211254939859.87,0.20725573994165797,0.207432523570154,0.0008529733774600423,9409446.590545252,4379774.574762934
IND,India,12077172878802.195,0.06073737392982151,0.06096822172048815,0.0038007535678670212,3142896.262720754,3842688.9942422677
JPN,Japan,10154098531342.342,0.05106603056919711,0.045466515124742916,-0.10965245158161574,404585.77078514465,25097517.670078114
DEU,Germany,7702916494003.174,0.03873877803534944,0.03835833639111163,-0.009820692947275056,357415.8881531487,21551690.199912325
GBR,United Kingdom,5300121905248.552,0.02665487107481454,0.02399641288820563,-0.09973629882310009,249951.90500735183,21204566.954961434
FRA,France,5260568396430.892,0.026455952314654092,0.026586670489926263,0.004940974103576856,644863.0547522837,8157652.012568273
ITA,Italy,3823154698007.727,0.019227047489898928,0.018111169122236585,-0.05803690703154385,315095.51042182615,12133320.125347313
KOR,"Korea, Rep.",3463764876091.8066,0.017419638237805474,0.016247812339791935,-0.06727039230185339,99019.50965596476,34980630.46490915
IDN,Indonesia,3403514928351.467,0.017116634907317407,0.016993126381960398,-0.007215701335325453,1817750.8795804062,1872376.9943310958
BRA,Brazil,3244467135561.2534,0.0163167668123291,0.01688230310184753,0.03465982544354973,8508179.04468749,381335.0798708332
CAN,Canada,3209254512447.726,0.016139678823396685,0.019998359303803823,0.23908037592504305,10033994.236334868,319838.185757218
RUS,Russian Federation,3071120872130.8115,0.01544499020310362,0.01855961532682158,0.2016592489059712,17017038.801280353,180473.28374780118
AUS,Australia,3046277738642.913,0.015320051469230614,0.016232359482917395,0.05954993137712994,7687247.317750361,396276.7961958056
ESP,Spain,2649277545500.72,0.01332349570050337,0.013184481101164285,-0.010433793237448419,502221.2606009001,5275120.257415825
MEX,Mexico,2516450691832.0625,0.012655495468979394,0.013137528396275236,0.03808882303165295,1969333.2655871448,1277818.6078534543
NGA,Nigeria,2168812286203.908,0.010907185326622774,0.010805088277215236,-0.009360531278251427,905047.0960432997,2396352.9585206765
TUR,Turkiye,1916688784624.907,0.009639229692835531,0.00953406344679257,-0.010910233430906469,798680.1809257481,2399820.141277674
NLD,Netherlands,1834086069335.712,0.009223811940975378,0.008569251813934932,-0.0709641665754982,39962.33853935535,45895363.89441984
EGY,"Egypt, Arab Rep.",1620703982879.6296,0.00815069096265798,0.008354127438713999,0.0249594147279113,997569.577754726,1624652.574637871
SAU,Saudi Arabia,1577612667039.0752,0.00793398019850807,0.008445225653409508,0.06443745032254733,1919953.9930719568,821692.9534414884
VNM,Viet Nam,1532594872087.548,0.007707580968083364,0.007255029085440501,-0.058715164267083786,335840.24617351615,4563463.996794813
THA,Thailand,1522996360193.0269,0.0076593090412046295,0.007291621983722643,-0.04800525158391544,510045.3372468305,2986001.92762078
CHE,Switzerland,1467784218699.8633,0.007381641368729523,0.006753247992058085,-0.0851292206274703,46173.68432963979,31788327.9190191
PAK,Pakistan,1390496224729.3677,0.0069929519099315,0.007191339398590973,0.02836963434250417,874205.403734884,1590582.966873374
POL,Poland,1344176277196.853,0.0067600040170823356,0.006885722470633275,0.018597393320070932,310347.6739289708,4331194.947201358
BGD,Bangladesh,1327635300369.768,0.006676817703133436,0.006140043143683793,-0.08039377190090635,133712.47190789823,9929031.162360452
PHL,Philippines,1122092645497.2466,0.005643122051609504,0.00500606936530177,-0.11289011304053531,292320.7104438325,3838567.044372483
SWE,Sweden,1074870632078.1776,0.005405637574444556,0.005379738464477654,-0.004791129558766816,450646.5404804161,2385174.4893732048
BEL,Belgium,1038714822119.4668,0.005223806199566069,0.005057451531815904,-0.03184548993490288,30129.05635909596,34475517.910001814
IRN,"Iran, Islamic Rep.",976533925887.8242,0.004911091925818976,0.005093894432141981,0.037222375203762814,1617667.0920650398,603668.0418844558
ARG,Argentina,910527201068.7496,0.004579137157310556,0.00487758408125066,0.06517536245090105,2784192.994264631,327034.5133920002
MYS,Malaysia,908387462319.8254,0.004568376185863865,0.004439171906690531,-0.028282320438745012,338196.2427916162,2685977.3923613327
AUT,Austria,850838980684.3563,0.004278958812835946,0.004575158438805011,0.06922235967322932,85083.90129400355,9999999.620895626
IRL,Ireland,849958714807.9502,0.004274531863066371,0.004006798195022773,-0.06263461745528709,58476.38484509437,14535076.288650801
ZAF,South Africa,839826249359.2689,0.004223574627547474,0.004285336826010659,0.014623205201667933,1216480.2449124355,690373.9315715078
ISR,Israel,833954000957.9889,0.0041940424720888604,0.003341604430692901,-0.2032497398557338,23022.505090555893,36223425.629736826
NOR,Norway,750532366737.7822,0.0037745062907063175,0.003741010874856776,-0.008874118432923184,397380.5198619279,1888699.4435423228
DNK,Denmark,704072487133.0835,0.003540854664733655,0.0028104627001424884,-0.20627561245756665,42776.77228327186,16459224.23671072
ARE,United Arab Emirates,700177187400.6849,0.0035212647922701506,0.0031817633385456314,-0.09641463330726785,80038.96518008273,8747954.022460554
NZL,New Zealand,608547957329.8706,0.003060451747233682,0.002952410804229077,-0.03530228604396801,277633.0539436466,2191914.646637833
ROU,Romania,602746437541.0541,0.0030312752934136752,0.002995465177132146,-0.011813548033508314,238372.99117462194,2528585.2838063673
COL,Colombia,587663908667.1816,0.0029554236677714184,0.00302660014458193,0.024083341277490566,1152045.2245762502,510104.8953033406
CHL,Chile,541599002128.8738,0.0027237584029336285,0.002885230374659812,0.059282780569770877,814571.723534975,664888.046663971
FIN,Finland,538602978593.24554,0.002708691085142278,0.002705209383648246,-0.0012853815310019945,341256.7874998011,1578292.3543859462
CZE,Czechia,521844804128.6131,0.0026244124614069092,0.0028998485388961066,0.1049515202124669,81207.28055015905,6426083.97416149
ETH,Ethiopia,503478483082.1393,0.0025320462992007866,0.0026341443796531255,0.04032235922564498,1132224.3050724354,444680.8647602108
PRT,Portugal,463141823168.6492,0.002329188989726827,0.002269921196990862,-0.02544567787215757,93403.38033518204,4958512.438271986
PER,Peru,432218375141.5182,0.002173671713881593,0.0023276730365746666,0.07084847344223322,1309423.5563996732,330082.9384266804
GRC,Greece,421706928064.8588,0.00212080853985523,0.0019591423677376985,-0.07622855579814247,131993.8100175237,3194899.276025689
IRQ,Iraq,416717885322.2336,0.00209571811864063,0.0021750914681562226,0.03787405797067667,437251.0029041015,953040.4334226964
UKR,Ukraine,413491939738.4581,0.0020794944986622385,0.0021887313455961907,0.05253048132814264,572536.719066237,722210.3420944449
MAR,Morocco,408395635019.67554,0.0020538646456766687,0.002164513872884905,0.05387367051726111,591815.7229044349,690072.2965172427
KAZ,Kazakhstan,363682903514.332,0.0018289996114408493,0.0020987185800754957,0.14746802948862703,2728284.445925376,133300.94816817332
HUN,Hungary,363305485050.778,0.0018271015342518466,0.0018554227357524822,0.015500617217877988,92486.56504760619,3928197.407523693
KEN,Kenya,342827962326.49133,0.0017241179165341236,0.0017501479804527952,0.015097612332106713,590536.4521122812,580536.4954190974
TZA,Tanzania,336227856477.72437,0.001690925289341002,0.0017926784482028865,0.06017602285760382,932728.8950751893,360477.58169925713
CIV,Cote d'Ivoire,327542449103.01514,0.001647245461226886,0.0016453172648728978,-0.0011705580008409822,329827.9706184335,993070.564903477
GHA,Ghana,324775091059.87317,0.0016333281262718626,0.001611652852661762,-0.013270617986341326,243463.63469681906,1333977.8298484283
DZA,Algeria,317251469145.1537,0.001595491039552422,0.001703510951863023,0.0677032397128996,2317706.8129332457,136881.6225481282
QAT,Qatar,279689026746.68146,0.0014065855620397358,0.0010772510698431115,-0.23413754632817751,11328.604724956982,24688744.425032757
LKA,Sri Lanka,251200591792.64868,0.0012633142233048633,0.0011806741839397237,-0.06541526869613723,65421.68894544533,3839714.2574861227
NPL,Nepal,250180981524.471,0.0012581864959184572,0.001453357454233067,0.15512084968940787,150727.49245093932,1659823.1514128258
CMR,Cameroon,226515396519.174,0.0011391697773404205,0.0012240243464936185,0.07448807968844195,460311.56332983106,492091.4757834727
SDN,Sudan,224956385062.58813,0.0011313293445876747,0.0013477184821797908,0.19126980010492112,1850024.0910328298,121596.46252876615
SVK,Slovak Republic,224129968221.03757,0.0011271732072837815,0.0011349285594922712,0.006880355351222667,47069.93380202484,4761637.633987835
KWT,Kuwait,216872258824.5673,0.0010906734226147129,0.000892665786605658,-0.181546218972095,16645.39464724136,13028964.67285079
GTM,Guatemala,209785913974.72232,0.0010550354482924155,0.0010121464585991266,-0.04065170489077419,109459.39648196143,1916563.7735751118
ECU,Ecuador,209627323266.9733,0.0010542378789262228,0.0010630441783923198,0.00835323757771489,250751.47110404097,835996.3845635642
CUB,Cuba,206568048878.55573,0.0010388524659369477,0.0010207987550496249,-0.017378512810324875,114877.64390914307,1798157.081302353
AGO,Angola,203882042839.2921,0.0010253442587744206,0.0010877351710512472,0.06084874591427614,1244949.5425927865,163767.31414726932
DOM,Dominican Republic,202021167673.63544,0.0010159857216476078,0.0009164875215143371,-0.09793267564027974,48158.388983722994,4194932.013650132
PRI,Puerto Rico (US),198445755943.89896,0.0009980045996282952,0.0007532522802967727,-0.24524167466029712,9223.895210217854,21514311.624450035
LAO,Lao PDR,187815176933.84424,0.0009445422985663067,0.0013167164769737727,0.3940259520112317,229051.2947886622,819969.9421351661
KHM,Cambodia,185529011949.67664,0.0009330449341663675,0.0010756101276942964,0.1527956353520148,182261.37006112284,1017928.3294504917
UGA,Uganda,184862316180.91956,0.0009296920509534839,0.0009331557667227742,0.0037256592284917733,245755.3967699768,752220.7797289912
TUN,Tunisia,174103081509.25946,0.0008755827270240138,0.0008580634638248026,-0.020008689822784365,156265.02233611268,1114152.6037399375
PNG,Papua New Guinea,173576464156.83368,0.0008729343129147516,0.0012159704050399424,0.39296896347192933,465924.6684780507,372541.9062352367
BGR,Bulgaria,171873357449.96234,0.0008643692099775242,0.0009243303484679668,0.06936982229156663,110208.69511491357,1559526.2902872737
CRI,Costa Rica,163895203474.93994,0.000824246233672271,0.0007531527118335718,-0.08625277124040431,53833.6211703617,3044476.6655447106
OMN,Oman,162254799707.12216,0.0008159964704171045,0.0010256573605673443,0.2569384767596723,309226.5627963833,524711.7137668482
SRB,Serbia,158846738501.65393,0.0007988569718035207,0.0007985791423892599,-0.00034778367601095983,76377.00365750062,2079771.8016534725
MLI,Mali,152123402183.6568,0.0007650446056065534,0.0007999619359273752,0.045640907817575016,1234497.9154351556,123226.94131891985
MMR,Myanmar,152024543042.99243,0.0007645474325799545,0.0014879976371317298,0.9462463330895021,679621.608707884,223689.97850440018
MWI,Malawi,142422414991.74588,0.0007162573196683281,0.0006457397880817965,-0.09845279014975461,111176.58416138684,1281046.8685114644
LUX,Luxembourg,142408724312.22073,0.0007161884677995988,0.0004900214783459505,-0.31579255967150466,2416.182039062019,58939567.47046465
BLR,Belarus,137085883495.45535,0.0006894193409268484,0.0007452614027143483,0.0809986875512172,208942.88883096946,656092.6014876488
LTU,Lithuania,136955665421.26724,0.0006887644605219926,0.0006358938360778565,-0.07676154545498359,63817.89878643012,2146038.462964699
NER,Niger,135640519123.94173,0.0006821504513300498,0.000803249579689295,0.17752554165012624,1181646.6511528287,114789.40763857724
UZB,Uzbekistan,134939487157.826,0.0006786248877656279,0.0006601019872691867,-0.02729475566012296,461685.6861894587,292275.6567818995
HRV,Croatia,128301401833.28745,0.0006452412577902536,0.0006528481029089199,0.011789148673966299,57545.075009496184,2229580.9295950164
BEN,Benin,126136532086.10097,0.0006343538999074323,0.0006603844227841071,0.04103470141899224,116998.03232565636,1078108.1491610748
BFA,Burkina Faso,123358016236.3101,0.000620380451168043,0.0006379472591961696,0.02831618564874505,271591.0920084614,454204.942157922
PAN,Panama,118950888161.47977,0.0005982165400835698,0.0006011671851372828,0.0049324029945758685,75263.50832089945,1580458.9875655458
SEN,Senegal,116259244498.69046,0.0005846799807187855,0.0005800742515750137,-0.007877350509093328,194405.05920386416,598025.8177168858
URY,Uruguay,113387538916.50198,0.0005702378710038639,0.000581839928621773,0.020345996307618908,176854.79716600757,641133.5215864626
AZE,Azerbaijan,112721866056.22856,0.0005668901321054396,0.0005458978717384422,-0.037030562322599825,91122.31664180147,1237039.0724297992
SVN,Slovenia,108874539431.16504,0.0005475415214494814,0.0005729174474003962,0.0463452084578686,19116.951924938374,5695182.990397985
JOR,Jordan,106414272311.07602,0.000535168579077979,0.0008188706902960325,0.5301172795062685,89145.33798809591,1193716.628516077
MOZ,Mozambique,97639632189.0105,0.000491039990082707,0.0006844063371852959,0.3937894082109683,811101.7298923803,120379.02101622401
BOL,Bolivia,94083636163.60544,0.00047315651168462286,0.0005382469534591601,0.1375664080851169,1085157.6598697247,86700.43040096162
PRY,Paraguay,91052827192.1658,0.00045791425427425743,0.00047156124943504684,0.029802512224517574,401221.43653266015,226939.08874620646
LBY,Libya,90157596738.50826,0.000453412046070167,0.0005910448191707531,0.3035489998412768,1634350.50677863,55164.17461528034
COD,"Congo, Dem. Rep.",89845305357.06499,0.0004518414998338808,0.0005417605863505029,0.1990058163087738,2323379.1918948633,38670.09985735064
ZWE,Zimbabwe,88703885945.58112,0.0004461011814413425,0.00044208989522261,-0.008991875353865031,376286.80003108055,235734.77979629993
LBN,Lebanon,88102431229.60892,0.0004430764023516951,0.00041270507464652467,-0.06854647989369322,10096.048469435602,8726427.12605104
GIN,Guinea,84838530977.29984,0.0004266619043492622,0.00045065007546373024,0.05622290359167259,239564.35539614444,354136.70300412824
VEN,"Venezuela, RB",82429344914.93134,0.0004145458539950089,0.0005826899995117901,0.4056104865031547,908462.4909219508,90735.00088185053
LVA,Latvia,78239433904.41327,0.0003934743503962501,0.0004146457230160747,0.053806233108978585,63932.04227349783,1223790.6239520581
ZMB,Zambia,75028106244.2959,0.0003773242454949553,0.0004094049112129488,0.08502147980422414,751914.0050136008,99782.82854691445
MDG,Madagascar,74981130909.81049,0.0003770880015921189,0.0005643246346516371,0.49653299036028353,589229.7567682425,127252.79069587498
RWA,Rwanda,74601767249.22928,0.00037518014180246985,0.00032930974754641785,-0.12226231920399055,23364.496935673335,3192954.1412606216
TCD,Chad,70099694783.16742,0.0003525387453784524,0.00037777136924773964,0.07157404455558458,1270420.488075498,55178.34090456007
EST,Estonia,67744901495.23315,0.00034069624201346925,0.0003309387821883289,-0.028639763583757416,44664.02577386584,1516766.577160462
HND,Honduras,67146997547.739456,0.0003376893201123362,0.0003862603000912089,0.14383333166330248,113787.57612783246,590108.3390009508
SLV,El Salvador,59638372629.69811,0.0002999276548681202,0.0002661140908180203,-0.11273906724262528,20895.072300033662,2854183.597613205
BIH,Bosnia and Herzegovina,56224511608.59422,0.00028275898837108206,0.00031782436896088075,0.12401155058519397,50611.03532921263,1110914.0771941787
TKM,Turkmenistan,52628223540.13904,0.00026467287704642727,0.000354101975178233,0.33788538942779023,480754.3372520327,109470.09618459041
CYP,Cyprus,49173406017.134315,0.0002472982359893019,0.0001714639468606614,-0.30665115270745846,6217.914171751305,7908344.286985292
ALB,Albania,48650052359.59755,0.0002446662353452486,0.0002472411520478802,0.010524201261355559,29696.068758448528,1638265.7501005623
NIC,Nicaragua,43513326335.84743,0.0002188330993613163,0.0002883199962219485,0.3175337600364654,129543.62356684387,335897.0911709503
ISL,Iceland,43127603363.49279,0.00021689325792323056,0.00030610928469083204,0.4113360997102986,107879.46305171745,399775.84373790777
JAM,Jamaica,41736015087.2785,0.00020989481397140682,0.0001808405722530424,-0.13842286604719234,12461.546266861178,3349184.298120894
TTO,Trinidad and Tobago,41585469028.46902,0.0002091377019916966,0.00016322277602526657,-0.2195439919687604,7741.862530312579,5371507.032790208
HTI,Haiti,41395170063.61731,0.00020818066846219042,0.0002359069638778441,0.13318381394615098,28536.589235161828,1450599.7798998195
BDI,Burundi,40664834334.98255,0.0002045077331908691,0.0001943071690272646,-0.04987862319164327,26246.072265677092,1549368.3749458154
TGO,Togo,40495733963.07629,0.00020365730961713937,0.0002385346524479686,0.17125505043936817,60963.99870872899,664256.5255037642
AFG,Afghanistan,38399446008.09886,0.00019311485678784175,0.000335699001555944,0.7383385573733816,652320.6172176749,58865.90887144263
GEO,Georgia,38243824473.46556,0.00019233221970585168,0.00021919477693927846,0.13966748407786134,69034.84824955689,553978.5404498377
KGZ,Kyrgyz Republic,37299353457.08772,0.00018758237552764126,0.0002806364167785115,0.49607027839967954,195881.7596280108,190417.69651202363
TJK,Tajikistan,36711091125.56033,0.00018462394232830203,0.00020741337859930776,0.12343705796554327,138043.86952365443,265937.8591185444
GAB,Gabon,36049166393.49486,0.00018129505316125013,0.0002194283339285154,0.21033823097946414,269469.36547170824,133778.3474213869
SLE,Sierra Leone,35096754265.21272,0.00017650527229520803,0.0001870955196223317,0.05999960901684176,75980.45817162223,461918.1709320217
MKD,North Macedonia,34334447591.042805,0.0001726715517727898,0.0001907633878350273,0.10477600899795969,25061.431511364994,1370011.4287355307
BWA,Botswana,33968364872.646744,0.00017083048323964875,0.00020507109771155112,0.20043620917391003,592118.9637361282,57367.4665954195
MNG,Mongolia,33478588870.564884,0.0001683673481600382,0.0006643430485555573,2.945795047648309,1544389.1950138141,21677.559632412107
ARM,Armenia,32757684179.43707,0.00016474184256926825,0.0001768786542457569,0.07367170044480686,28642.440000776645,1143676.4527934366
COG,"Congo, Rep.",32557469449.074852,0.0001637349416110471,0.00017547935517479783,0.07172820564867344,339675.77460962336,95848.66476419148
NAM,Namibia,30442339661.26199,0.0001530977312206933,0.00023310610271033352,0.5225967155209283,824889.1659521781,36904.763594660726
PSE,West Bank and Gaza,29886289633.794098,0.00015030129708988086,0.0003653996375575706,1.4311143325600177,5036.413260402696,5934042.360813831
MDA,Moldova,26266072602.830196,0.00013209484449345414,0.00015450708007168877,0.16966775398524536,32324.011839991825,812587.0245578043
SYR,Syrian Arab Republic,24055548306.7833,0.00012097788507776083,0.00028435319005607086,1.3504559521213109,185167.4612794702,129912.39465381368
BRN,Brunei Darussalam,23101708489.364063,0.00011618092421273671,0.00011942533280343194,0.02792548443455689,10698.035013382507,2159434.74296592
MRT,Mauritania,21558132035.96752,0.00010841811571607538,0.00021928356729816457,1.0225731267311717,1053173.1590981556,20469.693753331125
BHS,"Bahamas, The",19940997877.43357,0.00010028537777589403,0.00011008316622495308,0.09769907304885472,15591.563227966968,1278960.7806396806
GNQ,Equatorial Guinea,19037803382.165512,9.574311756806522e-05,9.456611712099715e-05,-0.012293316501118978,27117.231481857896,702055.5691646574
GUY,Guyana,18585811064.968452,9.347000061772419e-05,0.00011863505604284419,0.2692313604237646,209802.4701689311,88587.18894016511
NCL,New Caledonia,18192715199.127254,9.149308012205337e-05,0.00011354011242445594,0.24096939651601446,23221.495297953963,783442.8819375042
CAF,Central African Republic,16909697148.178856,8.50406472637028e-05,0.00011885026499598716,0.3975700893649601,621841.3176624262,27192.94564044791
SOM,"Somalia, Fed. Rep.",16602104532.045782,8.349373161286222e-05,0.00021968578152428177,1.6311649662863932,484615.4495640569,34258.30634780723
LBR,Liberia,14724562725.568651,7.405137619464747e-05,0.00011750790666268605,0.5868429825505346,98211.30935613773,149927.3639879279
SWZ,Eswatini,14158320793.764458,7.120368590389237e-05,6.298437635676237e-05,-0.11543376501918834,18115.476098254334,781559.4090363873
GNB,Guinea-Bissau,10680546243.714071,5.3713591540767154e-05,6.89033596115325e-05,0.2827918900049111,36170.23539620084,295285.505519157
MNE,Montenegro,10187002172.017525,5.123150644235024e-05,6.913967892080505e-05,0.3495538921660737,13445.52885663664,757649.7942651974
SLB,Solomon Islands,9659374388.112885,4.8578010766799597e-05,0.00014690311081313583,2.0240660021743015,24735.627581355355,390504.5205076463
FJI,Fiji,8135030977.071167,4.0911927265055194e-05,9.11086689328424e-05,1.2269463949370727,19285.32429578901,421824.95105086034
SUR,Suriname,7250580230.335157,3.646393134199421e-05,0.0001555145985254058,3.264888419924847,144257.58282178856,50261.34563264036
DJI,Djibouti,6708048279.345158,3.373548104101422e-05,5.207594031919825e-05,0.5436548912963906,21880.078969574646,306582.4528637688
GRL,Greenland,5945095783.392121,2.9898512612854556e-05,0.0006553095393248374,20.917797310194416,2206878.934090405,2693.8930321714606
LSO,Lesotho,5932172269.74501,2.983351890209552e-05,4.17763892191044e-05,0.4003171853847254,27503.910409226944,215684.68561310103
BLZ,Belize,5354684214.217785,2.6929270671110412e-05,9.231946830132862e-05,2.428220148582356,22020.255961789833,243170.8434047898
GMB,"Gambia, The",5245251671.122751,2.6378922890486973e-05,3.5781579215591073e-05,0.35644580198136055,14029.24206010338,373879.9037504169
BTN,Bhutan,4728952717.891799,2.378240109712883e-05,0.00014987505608461834,5.3019312252164585,39381.76944054057,120079.74210076244
TLS,Timor-Leste,4161338667.293605,2.0927810276497772e-05,6.46485699130392e-05,2.0891225149169315,14710.50422772543,282882.12306486245
VUT,Vanuatu,1957700160.0000105,9.845480217402088e-06,4.3665693181040836e-05,3.4351003929560315,7488.972605400669,261411.04570047648
