iso3,country,gdp_usd,ag_land_usd,urban_land_usd,urban_pred_free,total_land_usd,total_free_usd,ag_source,reported_land_usd,reported_urban_land_usd
USA,United States,21375281000000.0,182218576186.12457,41130580617043.586,98923479895947.92,41312799193229.71,99105698472134.05,cwon,,
CHN,China,14996414166715.1,12354968940595.11,28856285999264.758,63186481137680.82,41211254939859.87,75541450078275.94,cwon,,
IND,India,2674851578587.27,6930190320223.9,5146982558578.295,7140434700283.539,12077172878802.195,14070625020507.44,cwon,,
JPN,Japan,5189197543645.38,168980304982.1431,9985118226360.2,16508936060236.953,10154098531342.342,16677916365219.096,cwon,11843175343846.467,11674195038864.324
DEU,Germany,3941398957073.94,118827772649.69891,7584088721353.475,11658574943579.818,7702916494003.174,11777402716229.518,cwon,6968483635287.06,6849655862637.36
GBR,United Kingdom,2724001478304.59,58564500489.622604,5241557404758.929,7306776397928.897,5300121905248.552,7365340898418.5205,cwon,8124765947739.175,8066201447249.552
FRA,France,2647926055110.05,165396263831.8344,5095172132599.058,7049650184757.392,5260568396430.892,7215046448589.226,cwon,9155294613009.984,8989898349178.15
ITA,Italy,1907481094079.23,152755936208.4193,3670398761799.308,4655969300866.874,3823154698007.7275,4808725237075.293,cwon,,
KOR,"Korea, Rep.",1744070276373.34,107803234971.71289,3355961641120.0938,4157346593164.5723,3463764876091.8066,4265149828136.285,cwon,8226222284668.943,8118419049697.23
IDN,Indonesia,1059054842698.48,1365668474520.977,2037846453830.49,2212150919379.4272,3403514928351.467,3577819393900.4043,cwon,,
BRA,Brazil,1476107231310.49,404123306779.909,2840343828781.344,3366591178633.5117,3244467135561.2534,3770714485413.421,cwon,,
CAN,Canada,1655686966881.99,23361130838.9385,3185893381608.7876,3892700619580.547,3209254512447.726,3916061750419.4854,cwon,3911561381972.4453,3888200251133.507
RUS,Russian Federation,1493075894362.14,198125731602.5329,2872995140528.279,3415612135914.357,3071120872130.8115,3613737867516.8896,cwon,,
AUS,Australia,1333336461648.09,480655194290.845,2565622544352.068,2960167305630.852,3046277738642.913,3440822499921.6973,cwon,5321780466750.2705,4841125272459.426
ESP,Spain,1289783836971.21,167459501326.0418,2481818044174.678,2838409507243.0806,2649277545500.72,3005869008569.1226,cwon,,
MEX,Mexico,1121064767168.8,359283972809.11597,2157166719022.9468,2377220496152.9717,2516450691832.0625,2736504468962.088,cwon,,
NGA,Nigeria,598586817817.392,1017004112709.589,1151808173494.319,1075032996916.4474,2168812286203.9082,2092037109626.0364,cwon,,
TUR,Turkiye,733628247119.077,505032219217.81006,1411656565407.097,1390466954814.618,1916688784624.907,1895499174032.428,cwon,,
NLD,Netherlands,932560861701.17,39640901457.001396,1794445167878.7104,1883426189033.0876,1834086069335.712,1923067090490.089,cwon,1844197832882.4639,1804556931425.4624
EGY,"Egypt, Arab Rep.",383817841547.099,882156935287.01,738547047592.6196,612806521101.3024,1620703982879.6296,1494963456388.3125,cwon,,
SAU,Saudi Arabia,767951200000.0,99911450313.299,1477701216725.7761,1473246632808.5547,1577612667039.0752,1573158083121.8538,cwon,,
VNM,Viet Nam,346615738537.796,865632572173.693,666962299913.8547,538671984099.48694,1532594872087.5479,1404304556273.18,cwon,,
THA,Thailand,500274927778.532,560361143950.463,962635216242.564,856790866143.4854,1522996360193.0269,1417152010093.9482,cwon,,
CHE,Switzerland,756096180222.082,12894577957.21912,1454889640742.644,1444541766321.502,1467784218699.8633,1457436344278.7212,cwon,,
PAK,Pakistan,300425609817.981,812413542960.508,578082681768.8596,449541055938.9216,1390496224729.3677,1261954598899.4297,cwon,,
POL,Poland,605914237903.742,178268591159.2104,1165907686037.6426,1091703548811.6382,1344176277196.853,1269972139970.8486,cwon,,
BGD,Bangladesh,373979442362.193,608019422422.0029,719615877947.7653,593007654664.4741,1327635300369.768,1201027077086.477,cwon,,
PHL,Philippines,361751145451.597,426006608017.563,696086037479.6837,568591203715.4708,1122092645497.2466,994597811733.0338,cwon,,
SWE,Sweden,544265668451.678,27587887428.3713,1047282744649.8064,953163278678.4028,1074870632078.1777,980751166106.7742,cwon,1170631622319.0398,1143043734890.6685
BEL,Belgium,529694473501.791,19470151381.90419,1019244670737.5625,921004272657.2767,1038714822119.4667,940474424039.1809,cwon,,
IRN,"Iran, Islamic Rep.",280934329279.723,435956607697.962,540577318189.86224,412975812387.86945,976533925887.8242,848932420085.8314,cwon,,
ARG,Argentina,385740508436.965,168280534017.871,742246667050.8787,616691538555.6459,910527201068.7496,784972072573.5168,cwon,,
MYS,Malaysia,337456163961.211,259050129326.40802,649337332993.4175,520731971064.7698,908387462319.8254,779782100391.1777,cwon,,
AUT,Austria,434397601557.696,14965732013.65135,835873248670.705,716669561769.1421,850838980684.3563,731635293782.7935,cwon,950714504044.2354,935748772030.584
IRL,Ireland,436009027818.948,10984739753.95952,838973975053.9907,720033578648.4734,849958714807.9502,731018318402.4329,cwon,,
ZAF,South Africa,337974655408.055,189491228697.8547,650335020661.4142,521744086241.57214,839826249359.2689,711235314939.4269,cwon,,
ISR,Israel,410908899711.272,43278003489.9252,790675997468.0637,668014107730.8636,833954000957.9889,711292111220.7888,cwon,,
NOR,Norway,382252517921.94,14997334264.70014,735535032473.082,609647367221.1356,750532366737.7822,624644701485.8358,cwon,,
DNK,Denmark,355631021931.621,19762867180.946518,684309619952.137,556452401796.4236,704072487133.0835,576215268977.3701,cwon,,
ARE,United Arab Emirates,357161776271.328,12922070976.51531,687255116424.1697,559483389528.9738,700177187400.6849,572405460505.489,cwon,,
SGP,Singapore,351226533656.292,465986912.39796,675834449025.2499,547750538453.91986,676300435937.6478,548216525366.3178,cwon,,
HKG,"Hong Kong SAR, China",344943149590.058,,663743883531.2063,535386565738.21094,663743883531.2063,535386565738.21094,missing,,
NZL,New Zealand,213318129988.602,198078567824.6203,410469389505.25037,291534580668.6792,608547957329.8706,489613148493.2995,cwon,,
ROU,Romania,250624575871.819,120491522505.8688,482254915035.18524,357451452725.03455,602746437541.0541,477942975230.9033,cwon,,
COL,Colombia,270348342541.465,67456277357.6405,520207631309.5412,393393579647.9524,587663908667.1816,460849857005.5929,cwon,,
CHL,Chile,254103710483.324,52649493155.201706,488949508973.67206,363738727548.949,541599002128.8738,416388220704.1507,cwon,,
FIN,Finland,270000311606.226,19065032722.65004,519537945870.5955,392753180797.9329,538602978593.24554,411818213520.58295,cwon,228872114115.1718,209807081392.5218
CZE,Czechia,251109660602.536,38656483042.6325,483188321085.98065,358326689171.6655,521844804128.61316,396983172214.29803,cwon,238966792688.5751,200310309645.9426
ETH,Ethiopia,98676811061.9985,313603340274.973,189875142807.1663,109960634406.96722,503478483082.1393,423563974681.94025,cwon,,
PRT,Portugal,229618773422.577,21306533543.96691,441835289624.6823,319989822936.8954,463141823168.64923,341296356480.8623,cwon,,
PER,Peru,201409694755.934,44663344299.4402,387555030842.078,271105274095.29135,432218375141.5182,315768618394.73157,cwon,,
GRC,Greece,191362985554.861,53483899582.4563,368223028482.4025,254116135342.5799,421706928064.8588,307600034925.0362,cwon,,
IRQ,Iraq,180898797516.874,68630177151.56531,348087708170.6683,236670592803.4414,416717885322.2336,305300769955.0067,cwon,,
UKR,Ukraine,156617722013.342,112126177981.8063,301365761756.6518,197232204956.56622,413491939738.4581,309358382938.37256,cwon,,
MAR,Morocco,121353645057.144,174885447191.2697,233510187828.40582,142843044201.83087,408395635019.67554,317728491393.1006,cwon,,
KAZ,Kazakhstan,171082365861.423,34484094796.0838,329198808718.24817,220545888374.37866,363682903514.332,255029983170.46246,cwon,,
HUN,Hungary,158468487754.196,58378456917.9107,304927028132.8673,200184558884.11325,363305485050.778,258563015802.02396,cwon,,
KEN,Kenya,100657505750.545,149141542251.6713,193686420074.82007,112759548998.62964,342827962326.49133,261901091250.30093,cwon,,
TZA,Tanzania,66068737786.0639,209097572399.774,127130284077.95038,66205550688.46184,336227856477.72437,275303123088.23584,cwon,,
CIV,Cote d'Ivoire,63027852805.4204,206263473592.354,121278975510.66116,62375391372.95362,327542449103.01514,268638864965.30762,cwon,,
GHA,Ghana,70008243859.8666,190064360570.0195,134710730489.85367,71237188020.25392,324775091059.87317,261301548590.27344,cwon,,
DZA,Algeria,164873415325.201,,317251469145.1537,210471823887.00723,317251469145.1537,210471823887.00723,missing,,
QAT,Qatar,144411363351.648,1810891607.679872,277878135139.0016,177995401894.67245,279689026746.68146,179806293502.35233,cwon,,
LKA,Sri Lanka,84335574372.2997,88921034363.4599,162279557429.18878,90152162801.41167,251200591792.64868,179073197164.87158,cwon,,
NPL,Nepal,33433659301.2466,185847519933.3606,64333461591.11043,27974823490.577553,250180981524.471,213822343423.93814,cwon,,
CMR,Cameroon,40773241177.0505,148059020518.7445,78456376000.4295,35956503383.844604,226515396519.174,184015523902.5891,cwon,,
SDN,Sudan,27034593750.0,172936084712.69342,52020300349.894714,21383401252.39928,224956385062.58813,194319485965.0927,cwon,,
SVK,Slovak Republic,107732602896.441,16829558532.107159,207300409688.93042,122875295469.82939,224129968221.03757,139704854001.93655,cwon,118961862938.19595,102132304406.08879
KWT,Kuwait,111045470605.715,3197188031.06964,213675070793.49762,127673467736.16289,216872258824.56726,130870655767.23253,cwon,,
GTM,Guatemala,77719468248.3666,60237149946.628296,149548764028.09402,81302093503.60303,209785913974.72232,141539243450.23132,cwon,,
ECU,Ecuador,95865473000.0,25161792001.3251,184465531265.6482,106013464849.83026,209627323266.9733,131175256851.15536,cwon,,
CUB,Cuba,107352000000.0,,206568048878.55573,122326526729.80544,206568048878.55573,122326526729.80544,missing,,
AGO,Angola,58512033805.8981,91292462214.80011,112589580624.49199,56777731946.48506,203882042839.2921,148070194161.28516,cwon,,
DOM,Dominican Republic,78546672406.8291,50880687151.784195,151140480521.85126,82398060952.23184,202021167673.63544,133278748104.01604,cwon,,
PRI,Puerto Rico (US),103130900000.0,,198445755943.89896,116275199067.37514,198445755943.89896,116275199067.37514,missing,,
LAO,Lao PDR,18981805250.2424,151290152018.2833,36525024915.560936,13672067827.133804,187815176933.84424,164962219845.4171,cwon,,
KHM,Cambodia,34818073901.4851,118531642626.89609,66997369322.78056,29447824918.861767,185529011949.67664,147979467545.75784,cwon,,
UGA,Uganda,37600368241.6657,112511221606.0994,72351094574.82018,32454859486.439487,184862316180.91956,144966081092.53888,cwon,,
TUN,Tunisia,42491780918.361,92339870039.6932,81763211469.56625,37883836871.51199,174103081509.25946,130223706911.2052,cwon,,
PNG,Papua New Guinea,23848447849.6081,127686985236.3149,45889478920.51879,18247319774.709904,173576464156.83368,145934305011.0248,cwon,,
BGR,Bulgaria,70490478088.1395,36234705881.4442,135638651568.51814,71858362984.37332,171873357449.96234,108093068865.81752,cwon,,
CRI,Costa Rica,62806591554.7345,43041981605.0737,120853221869.86624,62098577868.7065,163895203474.93994,105140559473.7802,cwon,,
OMN,Oman,75909492847.8544,16188812776.818459,146065986930.3037,78914836845.7932,162254799707.12216,95103649622.61166,cwon,,
SRB,Serbia,55874017668.998,51333261222.32179,107513477279.33215,53559743859.24839,158846738501.65393,104893005081.57019,cwon,,
MLI,Mali,20698560938.7775,112294974695.42041,39828427488.236404,15254289220.703804,152123402183.6568,127549263916.1242,cwon,,
MMR,Myanmar,79006113643.1906,,152024543042.99243,83008100521.2257,152024543042.99243,83008100521.2257,missing,,
MWI,Malawi,11769313597.8545,119775755902.50061,22646659089.245274,7469477896.432923,142422414991.74588,127245233798.93353,cwon,,
LUX,Luxembourg,73670782100.3909,650492347.888677,141758231964.33206,75982914238.84068,142408724312.22073,76633406586.72935,cwon,,
BLR,Belarus,61371673344.7424,18993749029.06906,118092134466.3863,60309686836.095,137085883495.45537,79303435865.16406,cwon,,
LTU,Lithuania,57412038533.2718,26482709333.2725,110472956087.99475,55431128560.81759,136955665421.26724,81913837894.09009,cwon,,
NER,Niger,13648332189.7307,109378229172.3893,26262289951.55243,9008435420.072914,135640519123.94173,118386664592.46222,cwon,,
UZB,Uzbekistan,70127127133.2164,,134939487157.826,71390218904.14774,134939487157.826,71390218904.14774,missing,,
HRV,Croatia,57959824238.1808,16774389702.86573,111527012130.4217,56100876706.06233,128301401833.28745,72875266408.92807,cwon,,
BEN,Benin,15686741883.934,95951908937.7128,30184623148.38816,10742546574.090475,126136532086.10095,106694455511.80327,cwon,,
BFA,Burkina Faso,17725010532.5268,89251331292.798,34106684943.512096,12537378683.008368,123358016236.3101,101788709975.80637,cwon,,
PAN,Panama,57059846500.0,9155624348.83643,109795263812.64333,55001413951.8145,118950888161.47975,64157038300.650925,cwon,,
SEN,Senegal,24530513037.7518,69057327289.89731,47201917208.79315,18909837888.148193,116259244498.69046,87967165178.0455,cwon,,
URY,Uruguay,53559354501.4278,10327965191.23527,103059573725.26671,50769085349.91772,113387538916.50198,61097050541.152985,cwon,,
AZE,Azerbaijan,42693000000.0,30571466335.9422,82150399720.28635,38110872073.04857,112721866056.22855,68682338408.99077,cwon,,
SVN,Slovenia,53384760135.1581,6150922349.32855,102723617081.83649,50559862163.13851,108874539431.16504,56710784512.467064,cwon,,
JOR,Jordan,47931770985.9155,14183364532.419529,92230907778.6565,44118791059.05321,106414272311.07602,58302155591.47273,cwon,,
MOZ,Mozambique,14235420174.1884,70247660261.6265,27391971927.384003,9501287494.692677,97639632189.0105,79748947756.31917,cwon,,
BOL,Bolivia,42313784081.042,12662928414.43135,81420707749.17409,37683240370.986374,94083636163.60544,50346168785.417725,cwon,,
PRY,Paraguay,35432178068.1814,22873791020.8622,68179036171.303604,30106243588.485344,91052827192.1658,52980034609.34755,cwon,,
LBY,Libya,46854285440.642,,90157596738.50826,42868205829.29769,90157596738.50826,42868205829.29769,missing,,
COD,"Congo, Dem. Rep.",46691989748.9186,,89845305357.06499,42680491766.933205,89845305357.06499,42680491766.933205,missing,,
ZWE,Zimbabwe,31979753644.6558,27168047638.0188,61535838307.56232,26445186664.697067,88703885945.58112,53613234302.715866,cwon,,
LBN,Lebanon,31712128253.7961,27081561015.982903,61020870213.62602,26165597938.54431,88102431229.60892,53247158954.527214,cwon,,
GIN,Guinea,14088693742.9464,57728891867.3815,27109639109.918343,9377599017.001308,84838530977.29984,67106490884.38281,cwon,,
VEN,"Venezuela, RB",42837965906.8675,,82429344914.93134,38274612630.7957,82429344914.93134,38274612630.7957,missing,,
LVA,Latvia,33379927434.6149,14009363837.007221,64230070067.406044,27917974061.337254,78239433904.41327,41927337898.344475,cwon,,
ZMB,Zambia,18137764930.651,40127194172.3972,34900912071.898705,12907755881.65898,75028106244.2959,53034950054.05618,cwon,,
MDG,Madagascar,13051441204.053,49867385990.5317,25113744919.278786,8513077797.649627,74981130909.81049,58380463788.18133,cwon,,
RWA,Rwanda,10487146253.4025,54422270454.8574,20179496794.37188,6455565925.085088,74601767249.22928,60877836379.94249,cwon,,
TCD,Chad,14932897821.2387,41365627723.065,28734067060.102413,10093831144.965223,70099694783.16742,51459458868.03023,cwon,,
BHR,Bahrain,35837632978.7234,621377757.51062,68959217535.21756,30542618709.468075,69580595292.72818,31163996466.978695,cwon,,
EST,Estonia,31820771493.8974,6514978612.52252,61229922882.710625,26279022707.117123,67744901495.23315,32794001319.63964,cwon,44340395608.24839,37825416995.72587
HND,Honduras,23352232483.755,22212342384.0937,44934655163.64576,17768460002.12134,67146997547.739456,39980802386.21504,cwon,,
SLV,El Salvador,24921190000.0,11684709968.25004,47953662661.448074,19291530033.135326,59638372629.69811,30976240001.38537,cwon,,
BIH,Bosnia and Herzegovina,20226038369.9191,17305317903.61441,38919193704.97981,14815197010.551596,56224511608.59422,32120514914.166008,cwon,,
TKM,Turkmenistan,27350527267.6636,,52628223540.13904,21699938786.695538,52628223540.13904,21699938786.695538,missing,,
CYP,Cyprus,25555082266.6429,,49173406017.134315,19914213537.789352,49173406017.134315,19914213537.789352,missing,,
ALB,Albania,15241458744.5927,19322248546.59439,29327803813.00316,10358337661.063805,48650052359.59755,29680586207.658195,cwon,,
MAC,"Macao SAR, China",25280064167.7333,,48644212782.74608,19643550118.792408,48644212782.74608,19643550118.792408,missing,,
NIC,Nicaragua,12726422432.4868,19024986564.97142,24488339770.876007,8245840613.913936,43513326335.84743,27270827178.885357,cwon,,
ISL,Iceland,22034665040.7901,728227803.0138747,42399375560.47891,16510127816.986433,43127603363.49279,17238355620.00031,cwon,,
JAM,Jamaica,15000214216.2439,12872416985.614101,28863598101.6644,10151414207.654219,41736015087.2785,23023831193.26832,cwon,,
TTO,Trinidad and Tobago,20888515184.2239,1391529226.9262772,40193939801.54274,15431557115.815487,41585469028.46902,16823086342.741764,cwon,,
HTI,Haiti,14508222518.3018,13478268484.68512,27916901578.932194,9732152773.914215,41395170063.61731,23210421258.599335,cwon,,
BDI,Burundi,3188355943.63513,34529760313.0076,6135074021.974953,1432011006.6914723,40664834334.98255,35961771319.69907,cwon,,
TGO,Togo,7486031561.86885,26091019252.7911,14404714710.285187,4214716748.912888,40495733963.07629,30305736001.703987,cwon,,
AFG,Afghanistan,19955929052.1496,,38399446008.09886,14565410834.834019,38399446008.09886,14565410834.834019,missing,,
GEO,Georgia,16010869215.68,7435511496.22481,30808312977.240753,11024043475.747412,38243824473.46556,18459554971.97222,cwon,,
KGZ,Kyrgyz Republic,8270468614.24051,21385215248.62403,15914138208.463696,4780844738.574801,37299353457.08772,26166059987.198833,cwon,,
TJK,Tajikistan,8133963550.65742,21059617652.2334,15651473473.326931,4681264608.823989,36711091125.56033,25740882261.05739,cwon,,
GAB,Gabon,15342236163.9943,6527445421.083349,29521720972.411507,10445035700.663656,36049166393.49486,16972481121.747005,cwon,,
SLE,Sierra Leone,6688307705.64217,22227029685.755302,12869724579.457417,3654917266.501971,35096754265.21272,25881946952.257275,cwon,,
MKD,North Macedonia,12361036913.8409,10549187163.58995,23785260427.452854,7947565095.2249775,34334447591.042805,18496752258.814926,cwon,,
BWA,Botswana,14960251607.8135,5181663317.40501,28786701555.241734,10117221554.111616,33968364872.646744,15298884871.516626,cwon,,
MNG,Mongolia,13312981429.0891,7861585008.84473,25617003861.720154,8729406780.482246,33478588870.564884,16590991789.326977,cwon,,
ARM,Armenia,12641698583.2152,8432371089.36361,24325313090.07346,8176473449.91651,32757684179.43707,16608844539.28012,cwon,,
COG,"Congo, Rep.",11468687464.0046,10489278892.425869,22068190556.648983,7228992474.573541,32557469449.074852,17718271366.99941,cwon,,
MLT,Malta,16404655807.6687,240297388.6909472,31566042017.98188,11368071117.962059,31806339406.67283,11608368506.653006,cwon,,
NAM,Namibia,10583748541.5258,10076959546.832409,20365380114.42958,6530866038.5315895,30442339661.26199,16607825585.363998,cwon,,
PSE,West Bank and Gaza,15531700000.0,,29886289633.794098,10608437935.512766,29886289633.794098,10608437935.512766,missing,,
MDA,Moldova,11530746234.4492,4078467790.95967,22187604811.870525,7278501109.851144,26266072602.830196,11356968900.810814,cwon,,
MUS,Mauritius,11566111137.5568,2974060810.97752,22255654396.7289,7306745768.927662,25229715207.70642,10280806579.905182,cwon,,
SYR,Syrian Arab Republic,12501503673.2425,,24055548306.7833,8061960061.424797,24055548306.7833,8061960061.424797,missing,,
BRN,Brunei Darussalam,12005799653.9835,,23101708489.364063,7659802886.276854,23101708489.364063,7659802886.276854,missing,,
MRT,Mauritania,8260567356.81635,5663045949.75169,15895086086.215828,4773607061.543636,21558132035.967518,10436653011.295326,cwon,,
BHS,"Bahamas, The",10363200000.0,,19940997877.43357,6359220386.403197,19940997877.43357,6359220386.403197,missing,,
GNQ,Equatorial Guinea,9893816007.7398,,19037803382.165512,5997144098.065319,19037803382.165512,5997144098.065319,missing,,
GUY,Guyana,5471256594.72422,8057951316.79317,10527859748.175283,2835011676.373063,18585811064.968452,10892962993.166233,cwon,,
NCL,New Caledonia,9454629467.91408,,18192715199.127254,5662452416.885026,18192715199.127254,5662452416.885026,missing,,
CHI,Channel Islands,9439810769.23077,,18164200875.46369,5651230084.010574,18164200875.46369,5651230084.010574,missing,,
CAF,Central African Republic,2326720900.38047,12432591955.20108,4477105192.977775,961392414.2818131,16909697148.178856,13393984369.482893,cwon,,
SOM,"Somalia, Fed. Rep.",8628000000.0,,16602104532.045782,5043716731.050092,16602104532.045782,5043716731.050092,missing,,
XKX,Kosovo,7734497455.75411,,14882815862.687979,4392411815.510298,14882815862.687979,4392411815.510298,missing,,
LBR,Liberia,3176126300.0,8613021135.44582,6111541590.122832,1425067549.538793,14724562725.568653,10038088684.984613,cwon,,
SWZ,Eswatini,4134677809.50096,6202322509.14867,7955998284.6157875,1989318656.3323941,14158320793.764458,8191641165.481064,cwon,,
BMU,Bermuda,6887364000.0,,13252751168.086342,3793030639.7694798,13252751168.086342,3793030639.7694798,missing,,
MCO,Monaco,6730733230.81714,,12951360300.804401,3684263722.077985,12951360300.804401,3684263722.077985,missing,,
IMN,Isle of Man,6684225641.02564,,12861869820.130783,3652096226.3826714,12861869820.130783,3652096226.3826714,missing,,
LIE,Liechtenstein,6405870210.32293,,12326254850.544666,3460816784.6291637,12326254850.544666,3460816784.6291637,missing,,
GUM,Guam,5916000000.0,,11383640520.582157,3129548498.632219,11383640520.582157,3129548498.632219,missing,,
CYM,Cayman Islands,5655357984.24218,,10882109923.566109,2956194897.1683292,10882109923.566109,2956194897.1683292,missing,,
PYF,French Polynesia,5574821989.38239,,10727141564.12539,2903052170.353148,10727141564.12539,2903052170.353148,missing,,
GNB,Guinea-Bissau,1705062169.81422,7399644484.6862,3280901759.0278716,648865801.5971591,10680546243.714071,8048510286.28336,cwon,,
BRB,Barbados,5403246950.0,,10396994746.912094,2790515359.526422,10396994746.912094,2790515359.526422,missing,,
MNE,Montenegro,4734192593.29169,1077410110.280674,9109592061.736849,2360895529.052231,10187002172.017523,3438305639.332905,cwon,,
SLB,Solomon Islands,1536143427.82958,6703508165.92445,2955866222.1884346,568658088.1392355,9659374388.112885,7272166254.063685,cwon,,
VIR,Virgin Islands (U.S.),4229000000.0,,8137494212.566251,2046886767.6954553,8137494212.566251,2046886767.6954553,missing,,
FJI,Fiji,4227719873.3865,,8135030977.071167,2046103166.9651883,8135030977.071167,2046103166.9651883,missing,,
MDV,Maldives,3712604583.36665,286033323.377304,7143839751.878234,1736045433.0209832,7429873075.255538,2022078756.3982873,cwon,,
SUR,Suriname,2911807496.20227,1647644158.3434339,5602936071.991723,1276762574.7596552,7250580230.335157,2924406733.1030893,cwon,,
DJI,Djibouti,3144136196.6228,658062442.61352,6049985836.731638,1406938474.2565756,6708048279.345158,2065000916.8700957,cwon,,
FRO,Faroe Islands,3271813311.5831,,6295663723.718301,1479581768.8981328,6295663723.718301,1479581768.8981328,missing,,
GRL,Greenland,3089625554.40473,,5945095783.392121,1376159360.4829628,5945095783.392121,1376159360.4829628,missing,,
LSO,Lesotho,2053699863.99625,1980417538.693324,3951754731.051686,820998239.8607782,5932172269.74501,2801415778.5541024,cwon,,
AND,Andorra,2891001149.40079,,5562900241.61062,1265235083.8155105,5562900241.61062,1265235083.8155105,missing,,
BLZ,Belize,2047284600.0,1415273813.655947,3939410400.5618377,817756014.4563392,5354684214.217785,2233029828.112286,cwon,,
GMB,"Gambia, The",1812170891.19069,1758249982.9588199,3487001688.1639314,700839711.3715669,5245251671.122751,2459089694.3303866,cwon,,
CUW,Curacao,2534327597.76536,,4876584573.081708,1071139666.0715622,4876584573.081708,1071139666.0715622,missing,,
ABW,Aruba,2461056053.22795,,4735594558.984058,1032123497.831855,4735594558.984058,1032123497.831855,missing,,
BTN,Bhutan,2457604333.90927,,4728952717.891799,1030293004.5305696,4728952717.891799,1030293004.5305696,missing,,
TLS,Timor-Leste,2162619200.0,,4161338667.293605,876449732.2308366,4161338667.293605,876449732.2308366,missing,,
COM,Comoros,1225039196.61091,1702098771.4976878,2357235604.7737265,427119863.5332785,4059334376.2714143,2129218635.0309663,cwon,,
CPV,Cabo Verde,1821565613.68613,,3505079129.6241603,705438084.8299282,3505079129.6241603,705438084.8299282,missing,,
LCA,St. Lucia,1521740740.74074,362153314.69415903,2928152393.1908374,561923274.7419274,3290305707.8849964,924076589.4360864,cwon,,
SMR,San Marino,1544713784.67674,,2972357409.0513787,572673607.4308343,2972357409.0513787,572673607.4308343,missing,,
ATG,Antigua and Barbuda,1411637037.03704,,2716289481.942086,511003676.995972,2716289481.942086,511003676.995972,missing,,
SYC,Seychelles,1382551751.56908,,2660323215.1730247,497724066.9647774,2660323215.1730247,497724066.9647774,missing,,
SXM,Sint Maarten (Dutch part),1236428100.55866,,2379150274.899593,432148124.50780576,2379150274.899593,432148124.50780576,missing,,
GRD,Grenada,1043411111.11111,,2007744591.6278028,348661442.2480494,2007744591.6278028,348661442.2480494,missing,,
VUT,Vanuatu,1017403362.80118,,1957700160.0000103,337706497.3232766,1957700160.0000103,337706497.3232766,missing,,
TCA,Turks and Caicos Islands,918387000.0,,1767171647.52804,296687613.9831145,1767171647.52804,296687613.9831145,missing,,
KNA,St. Kitts and Nevis,883922222.222222,,1700854094.98511,282676609.0467488,1700854094.98511,282676609.0467488,missing,,
WSM,Samoa,868884902.953089,,1671919098.880811,276608320.88795125,1671919098.880811,276608320.88795125,missing,,
MNP,Northern Mariana Islands,866000000.0,,1666367932.8641222,275447283.2487255,1666367932.8641222,275447283.2487255,missing,,
VCT,St. Vincent and the Grenadines,864566666.666667,,1663609895.099952,274870814.4872873,1663609895.099952,274870814.4872873,missing,,
STP,Sao Tome and Principe,471229484.607144,526301050.549862,906745614.514356,127580603.52741323,1433046665.064218,653881654.0772753,cwon,,
ASM,American Samoa,721000000.0,,1387357135.7910302,218467438.09933,1387357135.7910302,218467438.09933,missing,,
DMA,Dominica,528944444.444444,,1017801455.5298495,147654455.2659308,1017801455.5298495,147654455.2659308,missing,,
TON,Tonga,506571486.576395,,974751132.7184905,139800312.46278572,974751132.7184905,139800312.46278572,missing,,
FSM,"Micronesia, Fed. Sts.",372902700.0,,717543996.9497112,94894227.50954221,717543996.9497112,94894227.50954221,missing,,
PLW,Palau,258985859.375,,498343800.3784723,59841977.31982298,498343800.3784723,59841977.31982298,missing,,
MHL,Marshall Islands,241800000.0,,465274556.7743011,54864513.23970087,465274556.7743011,54864513.23970087,missing,,
KIR,Kiribati,220909306.750809,,425076425.9131546,48939555.99874846,425076425.9131546,48939555.99874846,missing,,
NRU,Naoero,124685688.161094,,239921746.46506092,23741081.52652458,239921746.46506092,23741081.52652458,missing,,
TUV,Tuvalu,52302514.9939611,,100641147.5682237,7912605.8282929305,100641147.5682237,7912605.8282929305,missing,,
