year,page,arrival,vessel,port,real_hacienda,particulares,total,morineau,year_checks_out,flag
1717,31,,SXI~~Ei Águila de Nantes,HAB,,4750,4750,,True,
1717,31,,S. Isidro,HAB,,4250,4250,,True,
1717,31,7-XII,S. Feo. J. 'Hermiona',VRC,1079797,3995197,5074994,,True,
1717,31,,Sto. Cristo Maracaibo,VRC,,10787,10787,,True,
1717,31,,S. Feo. Javier,HAB,,3301,3301,,True,
1717,31,15-XII,Felipe y Santiago,HON,57298,401091,458389,,True,
1717,31,,"N.""* S."" Rosario",HON,348,500,848,,True,
1717,31,,Isabela Galera,HAB,,1400,1400,,True,
1717,31,,Santiago y S. Dimas,CAM,,36994,36994,7685245,True,
1717,31,,S. Dimas y Ánimas,VRC,,19896,19896,,True,
1717,31,,IQ-XII-N.'^S.-Begona,VRC,,7160,7160,,True,
1718,31,2-VI,N.^S.-del Carmen,VRC,,241368,241368,,True,
1718,31,16-VIII,"N.''S.''Begoña.. N."" S."" Guadalupe",VRC,1616749,4713983,6330732,,True,
1718,31,,"N.* S."" de los Reyes",VRC,,70968,70968,,True,
1718,31,,S.Carlos,VRC,,36905,36905,,True,
1718,31,,"N.""* S."" Milagros",VRC,,132086,132068,,True,crown+private != total
1718,31,,S. Francisco Paula,VRC,,52415,52415,,True,
1718,31,,"N."" S."" de Atocha",VRC,,54157,54157,,True,
1718,31,,Stma. Trinidad,VRC,,37514,37514,,True,
1718,31,,"N.* S.""» de Regla",VRC,,22176,22176,6657788,True,
1718,31,,Príncipe de Asturias,PTB,61033,370093,431126,354652,True,
1718,31,10-XI,"N.'' S."" Concepción",HAB,,30327,30327,,True,
1718,31,,"S. José, 'Real Jorge'",VRC,40840,226288,267128,300000,True,
1719,32,,5-1 - N.^ S/ de la Candelaria,HAB,,16149,16149,,True,
1719,32,3-IX,S. Feo. Javier,CTG,28500,391884,420384,400000,True,
1719,32,,S-IX-N.^'S.^ Carmen,VRC,,43712,43712,42372,True,
1720,32,30-III,S.Carlos/Marta',CTG,,26037,26037,,True,
1720,32,,"4-1V - N."" S.^ Concepción",HAB,,37124,37124,,True,
1720,32,,"17-Xn-S.Bartmé.,Cambi",VRC,643259,2975046,3618305,,True,
1720,32,,El Infante,VRC,54264,219659,273923,,True,
1720,32,,S. José/Volante',VRC,,40357,40357,,True,
1720,32,,"S. José, Teliz'",HAB,,24467,24467,,True,
1720,32,,S.Carlos,CTG,,39600,39600,,True,
1720,32,,"22-Xn-N.-S."" Carmen",CTG,,810298,810298,,True,
1720,32,,23-Xn-N.''S.='Begoña. VRC-HAB,,642587,2536831,3179418,7986920,True,
1721,32,,"23-n — N.* S."" Monserrate",HAB,,26434,26434,,True,
1721,32,,"24-n-N."" S.» del Rosario .. .. . N."" S."" Concepción",B-A,,4193190,4193190,4191190,True,
1721,32,,18-1V —Santiago y S. Dimas,P-R,,1120,1120,,True,
1721,32,,20-1V—Aranzazu y S. Dimas,VRC,,181642,181642,181000,True,
1721,32,14-VI,(?),P-R,,,,100000,True,
1721,32,,29-Vn-Stma. Trinidad,CRC,,14648,14648,14000,True,
1721,32,,27-Vni-Águila Volante,LMA,300000,880496,1180496,1153883,True,
1721,32,19-IX,"N.''S.""Guadalupe",VRC,398020,4292443,4690463,,True,
1721,32,19-IX,S.José,VRC,398030,3753763,4151793,,True,
1721,32,,"N."" S."" de Atocha",VRC,,189987,189987,,True,
1721,32,,Reina de los Ángeles,VRC,,95596,95596,,True,
1721,32,,"N.*» S."" Rosario y S. D.""",VRC,,22919,22919,,True,
1721,32,,"N.^ S."" Carmen y S. Fco",VRC,,35812,35812,,True,
1721,32,,N.'' S.^ Concepción,,,26858,26858,,True,
1721,32,,S. Francisco Javier,VRC,8000,208354,216354,,True,
1721,32,,"N."" S.' de las Angustias",VRC,,409789,409789,,True,
1721,32,,"N.^ S."" del Rosario",VRC,,498731,498731,,True,
1721,32,,S. Vicente Ferrer,VRC,,54928,54928,,True,
1721,32,,N.^ S.^ de Regla,VRC,,119406,119406,10154369,True,
1721,32,19-IX,S. Ramón,CTG,,64000,64000,64000,True,
1722,32,,10-in-N.''S.''Belén,B-A,,18791,50263,50000,True,crown+private != total
1722,32,15-IV,La Ninfa VVRRCC,,,11112,31195,22000,True,crown+private != total
1722,33,25-V,Soledad de la Virgen,CTG,,5300,5300,4200,True,
1722,33,,17-Vn-La Teresa,P-R,,1000,1000,,True,
1723,33,10-II,"N.""S.''Asunción T-F",,1101563,4917153,6018716,,True,
1723,33,,S. Francisco Javier,,78,215759,215837,,True,
1723,33,,S. José/el Volante',VRC,,777587,777587,,True,
1723,33,,"N.""S."" Begoña .. T-F",,,15801,15801,,True,
1723,33,,"N.''S.""* del Rosario",VRC,,404809,404809,,True,
1723,33,,á. Francisco Javier,VRC,,18102,18102,,True,
1723,33,,S. Juan Bautista,VRC,,301,301,,True,
1723,33,2-III,"Jesús, María y José",VRC,,17663,17663,,True,
1723,33,,"25-1V—Begoña, Campanela",HAB,1040253,3910620,4950873,,True,
1723,33,,"Milagros, Matanzero",HAB,,1110,1110,12319549,True,
1723,33,15-VI,N.» S.» de la Rosa ... MART,,,22078,22078,,True,
1723,33,,19.VIÎ~~N.^ S.» de Guadalupe N-E,,408271,4062717,4470988,,True,
1723,33,,Sr. S. José,HAB,343775,3822197,4165972,,True,
1723,33,,El Blandón,VRC,3742,272437,276179,,True,
1723,33,,"N.'' S."" Concepción",CAM,,7048,7048,8920168,True,
1723,33,19-VII,Dos registros,B-A,,,,3578958,True,
1723,33,4-XII,N.'S.»deBegoña,CRC,,89956,89956,89684,True,
1724,33,20-VIII,"Flota de N.» España, al mando de A. Serrano",VRC,647950,10873797,11521747,10846000,True,
1724,33,,ó-X-N.-^S.-Aránzazu HND,,,3813,3813,11446000,True,
1724,33,30-X,Princesa del Cielo,HAB,,200,200,,True,
1726,33,11-IV,N.* S.» Esperanza,CRC,,14258,14258,,True,
1726,33,16-IV,'Navio de las Indias',,,,,600000,True,
1726,33,,22-1 V-Stma. Trinidad,CAM,,148054,148054,148154,True,
1726,33,3-VI,Sr.S.José,CTG,,581544,1192881,1500000,True,crown+private != total
1726,33,23-XII,Pal. indiana ... VRC-HAB,,,17590,17590,,True,
1727,33,,"20-11 -N.* S.» Carmen, Reyna",CRC,,26232,26232,,True,
1727,33,5-III,S.Luis N-E,,976256,4999857,5976113,,True,
1727,33,,"5III—S. Lorenzo, Incendio",CRC,,1865,1865,,True,
1727,34,,S. Antonio Padua N-E,,,112371,112371,,True,
1727,34,,"N.* S."" del Carmen",,,96295,96295,,True,
1727,34,,S. Juan Bautista,,,56028,56028,,True,
1727,34,,"N.''S."" del Rosario",,,144230,144230,,True,
1727,34,,S.Fernando,,858667,4750542,5609209,,True,
1727,34,9-VIII,N.''S.''Carmen LanfCO,,,1582,1582,,True,
1727,34,,"N.""* S.* del Rosario",,,752390,752390,,True,
1727,34,,"S. Jerónimo, Retiré",,,3836,3836,,True,
1727,34,,S.Juan .^,,,5328,5328,,True,
1727,34,,N. ** S.* Concepción,,,116005,116005,,True,
1727,34,,S. José y Ánimas,,,26668,26668,,True,
1727,34,,Reina de los Ángeles,,,23215,23215,,True,
1727,34,,N.^ S.''Belén,,,5646,5646,12928977,True,
1727,34,15-X,S.RafaelyS.Dmgo,B-A,,395633,395633,,True,
1727,34,15-X,"N.^ S.""» Coral y S. Carlos",B-A,,306931,306931,700000,True,
1728,34,3-V,"N.""S.»Valbanera,Gallo VRC",,,852194,852194,860000,True,
1728,34,22-IX,S. Judas/Constanza' CRC,,,3851,3851,,True,
1728,34,8-XI,S. Antonio Padua .... HAB,,,20000,20000,,True,
1728,34,,IX- '3 mercantes y 1 aviso'. CTG,,,,,3500000,True,
1729,34,16-II,LaRosa CRC,,,3886,3886,,True,
1729,34,,"18-11-N.»S."" del Rosario ... VRC",,,159576,159576,,True,
1729,34,,"22-11-Guadalupe, el Fuerte S.Antonio",,831237,4621325,5452562,5595499,True,
1729,34,22-II,"S. Luis, Cap.* T-F",,247192,,6690689,,True,crown+private != total
1729,34,,"La Potencia, Blandón",,8029,2436,10465,,True,
1729,34,,Matanzero,,,16502,16502,,True,
1729,34,,"S. Femando, Aim.""*",,247208,6053435,6300643,,True,
1729,34,,"N.* S."" Rosario y S. Fdo.. HON",,,13437,13437,,True,
1729,34,,Árbol de Vizcaya,,,4964,4964,,True,
1729,34,,El Infante CTG,,,10752,10752,18302367,True,
1729,34,3-III,Trinidad y Santiago,,,12320,12320,,True,
1729,34,26-III,El Catalán,,,4373,4373,,True,
1729,34,28-III,Stma. Trinidad VRC,,,3588,3588,,True,
1729,34,,l-IV-N.*S.-Populo,,,4668,4668,,True,
1729,34,14-XI,"Angustias, Infante . CRC",,,30405,30406,,True,
1729,34,,"4^X11-S. Lorenzo, Incendio T-F",,612000,1450424,2062424,2000000,True,
1729,34,,¿...?-S. Rafael,B-A,,21602,21602,,True,
1729,34,,S.Carlos,B-A,,20302,20302,,True,
1730,35,,"I - N.^ S/ Rosario, S. Feo T-F",,,1728,1728,,True,
1730,35,22-II,"N.""S.^ Angustias",VRC,,10391,10391,,True,
1730,35,18-VIII,S. Antonio N-E,,608283,5169826,5778109,,True,
1730,35,,La Potencia,VRC,629936,4945944,5575880,,True,
1730,35,,Paloma Indiana,VRC,,829502,829502,,True,
1730,35,,S. Felipe y Ánimas,VRC,,25874,25874,,True,
1730,35,,S.Pedro,VRC,,19502,19502,,True,
1730,35,,S. José y Ánimas,VRC,,39060,31256,,True,crown+private != total
1730,35,18-VIII,N.''S.^ del Rosario . N-E,,,31256,31256,,True,
1730,35,,S. Ignacio,VRC,,39428,39428,,True,
1730,35,,"N."" S."" Dolores",VRC,,38320,38320,,True,
1730,35,,"N.^ S."" de Belén",VRC,,16088,16088,11785971,True,
1731,35,3-I,S. Feo.'Burlando',CRC,,23839,23839,,True,
1731,35,,24-11-N.^'S/ del Carmen,CRC,,29060,29060,,True,
1731,35,,1MV-La Ventura (Gvesa.). JMC,,,256991,256991,,True,
1731,35,14-VII,N.^S.''Guadalupe ... N-E,,274814,1063487,1338301,,True,
1731,35,,"N."" S.''Balvanera",CRC,273862,916944,1190806,,True,
1731,35,,La Diehosa,CRC,,2320,2320,3352888,True,
1731,35,6-IX,S. Franeiseo S. Bruno,CRC,,879930,879930,897000,True,
1731,35,19-IX,Sta.Rosa,CRC,,6559,6559,15000,True,
1731,35,,29.x-S.Fernando T-F,,273690,4157227,4430917,,True,
1731,35,,S.Carlos,CRC,1870,606681,608551,5500000,True,
1731,35,,S. Feo. Asís,CRC,394,,394,,True,
1732,35,,25-1-N.'S.'del Loreto,CTG,,12000,12000,,True,
1732,35,15-III,N.'S.'Rosario N-E,,,190728,190728,180000,True,
1732,35,,23-in-S.Juan,CRC,,3369,3369,,True,
1732,35,23-IV,S.Joaquín,CRC,10595,81424,92019,,True,
1732,35,21-VI,S.Luis T-F,,292113,4460867,4752980,5500000,True,
1732,35,,"Jesús Nazareno, Paz",CRC,,10600,10600,,True,
1732,35,,Lanf raneo,CRC,,281,281,,True,
1732,35,4-VII,Sta. Úrsula,CRC,,101939,101939,,True,
1732,35,,9IX-S.Antonio N-E Sta. Rosa Ninfa de Amériea,CRC,1564222,1684463,3248685,,True,printed total 2248685 replaced by crown+private
1732,35,,El Fuerte T-F,,17138,858385,875523,,True,
1732,35,,S. Franeiseo Javier,CAM,,66962,66962,,True,
1732,35,,S.Cristóbal,HAB,,5000,5000,3837183,True,total reconstructed from crown+private
1734,36,13-I,ElSr. del Huerto,HAB,,9000,9000,,True,
1734,36,,20-1-Sta. Úrsula,CRC,35000,900,35900,,True,
1734,36,,28-11-Stma. Trinidad,HAB,,175,175,,True,
1734,36,,3-m-N/S.* del Pilar MRC,,,2920,2920,,True,
1734,36,,lO-m-El Incendio T-F,,173221,3179845,3353066,3300000,True,
1734,36,,20-ni-Gran Poder,HAB,,2462,2462,4100000,True,
1734,36,19-VI,"N.» S.* Pilar, Europa S.José S. Feo. Javier",HAB,1697620,11069560,12767180,12406031,True,
1734,36,19-IV,N.-S.^Ros.yS.Dom,HAB,,5624,5624,,True,
1734,36,,3-Vni-S.Antonio N-E,,558400,1628535,2186935,,True,
1734,36,,Lanf raneo,HAB,549872,1427707,1977579,,True,
1734,36,,Ninfa de América,HAB,,15880,15880,4926743,True,
1734,36,,S.Carlos,HAB,,4400,4400,,True,
1735,36,13-I,N.'S.* del Coro,CRC,40542,9060,49602,,True,
1735,36,21-IV,Sr. S.José,CRC,30000,22372,52372,,True,
1735,36,9-IX,"S. José,N.*»España",VRC,728783,1151084,1879867,,True,
1735,36,,"S. Gerónimo, Retiro",VRC,729215,995376,1724591,3604458,True,
1736,36,9-II,Conquistador T-F,,259428,2524733,2784161,,True,
1736,36,,Incendio,,257754,2395907,2653661,5165609,True,
1736,36,,27-11-Sta.Bárbara,CRC,30100,30723,60823,70000,True,
1736,36,7-X,"S. Gerónimo, Retiro ... N-E",,981274,1626936,2608210,,True,
1736,36,,"N.* S."" Pilar, Lanf raneo",CRC,,49099,49099,2618883,True,
1737,36,3-I,N.-S.*Loreto,CAM,,74675,74675,,True,
1737,36,5-II,N.-S.»delCoro,CRC,10952,48179,59131,67000,True,
1737,36,15-IV,S.Joaquín,CRC,4273,31508,35781,17852,True,
1737,36,2-VII,Santiago,CRC,,1820,1820,,True,
1737,36,3-VII,"N."" S.* del Pilar MRC",,400,26557,26957,,True,
1737,36,,28-Vin-La América N-E,,585551,6124576,6710127,,True,
1737,36,,S.Antonio,CRC,580331,5892954,6473285,,True,
1737,36,,Sto. Domingo,CRC,,11776,11776,,True,
1737,36,,S.José,CRC,,7448,7448,,True,
1737,36,,S. Femando,CRC,,712132,712132,,True,
1737,36,,Incendio,CRC,,293060,293060,,True,
1737,36,,S.Jorge,CRC,,3632,3632,14104270,True,
1737,37,17-X,S.José,CRC,10872,58693,69565,,True,
1737,37,17-XI,"S ta. Bárbara .. , ,",CRC,,4285,4285,,True,
1738,37,,23-1 — La Princesa,CTG,,12300,12300,,True,
1738,37,,25-1 — El Fuerte,CTG,461551,5992044,6453595,7500000,True,
1738,37,2-III,"N.""S."" Asunción ... ... MRC",,500,18364,18864,,True,
1738,37,2-VI,"S.José, Jerusalem",HAB,,20000,20000,,True,
1738,37,11-VII,Santiago,CRC,17660,40985,58645,,True,
1738,37,26-IX,Sta.Ana,CRC,17666,77429,95095,,True,
1738,37,12-XII,"S. Jerónimo, Retiro",HAB,,52076,52076,,True,
1739,37,6-II,La Sacra Galera,HAB,,7011,7011,,True,
1739,37,,22-11-S. Ignacio,CRC,2470,14730,17200,,True,
1739,37,13-III,La Galga,B-A,,30816,30816,,True,
1739,37,,La Paloma,B-A,,3440,3440,,True,
1739,37,13-III,S. Bruno,B-A,,1570868,1570868,1507860,True,
1739,37,,22-1 V-Sta. Bárbara,CRC,,1069,1069,,True,
1739,37,19-V,N.''S.» del Coro,CRC,4570,30451,35021,,True,
1739,37,,ll-VII-LaFama,HAB,,26496,26496,,True,
1739,37,13-VIII,ElLeón,VRC,497058,2449906,2946964,,True,
1739,37,,La Castilla,VRC,480470,1781907,2262377,5500000,True,
1739,37,,IX —S.José y Ánimas,HAB,,26794,26794,100000,True,
1739,37,15-XII,"N.""S.''Dolores",HAB,,6000,6000,,True,
1740,37,,25-11-N.' S.« Candelaria,VRC,,3500,3500,,True,
1740,37,,"26-11-Trinidad, Triunfo",HAB,,13523,13523,,True,
1740,37,,Matanzero,HAB,,20000,20000,,True,
1740,37,17-III,Sta.Ana,CRC,,3511,3511,7000,True,
1740,37,,III—Navios del Rey,B-A,,,,6000000,True,
1740,37,15-IV,S. Esteban Hermiona,B-A,,158516,158516,840000,True,
1740,37,,25-1V-S.Cristóbal,HAB,,2000,2000,,True,
1740,37,25-V,Dos registros,B-A,,,,158516,True,
1740,37,,(S. Esteb.n y Hermiona) REFT,,,,,758516,True,
1740,38,2-VI,I —Buen Suceso,HAB,,20000,20000,20000,True,
1740,38,,¿...?-N/S.^Dol.'^s y S.Fco,HAB,,6000,6000,,True,
1740,38,,¿...?-N.^S.^ Filar MRC,,,29172,29172,,True,
1741,38,5-II,S. Pedro,VRC,,6000,6000,2000000,True,
1741,38,,26-11 —S.Juan Bautista,VRC,,52000,52000,,True,
1741,38,,fin II —'2 vaisseaux français et 1 espagnol',CTG,,,,500000,True,
1741,38,9-III,El Correo Galera,VRC,,30000,30000,,True,
1741,38,21-VI,Louis-Erasme,VRC,,,,360000,True,
1741,38,,6'VIII—Marquesa d'An tin,,,61144,61144,,True,
1741,38,,Saica Imperial,,,12712,30000,,True,crown+private != total
1741,38,,S. Juan Bautista,,,3000,3000,,True,
1741,38,,N.» S.^ Dolores,,,2300,2300,,True,
1741,38,5-XI,La M.''Catalina,HAB,,26000,26000,,True,
1741,38,17-XII,La Concordia,VRC,,53333,53333,1250000,True,
1741,38,,"¿...?-N.""S.'' Ros.^ Amistad",CRC,,1004,1004,,True,
1742,38,,IT-II-N.'^S.^ Merced,VRC,36543,1000,37543,,True,
1742,38,2-III,"S. Miguel, Salomón",HON,,101203,101203,41000,True,
1742,38,,"9-111—Remedios, Ninfa",VRC,91000,105481,196481,,True,
1742,38,,La Unión,VRC,13000,54250,67250,,True,
1742,38,,Misericordia VRC/HON,,,118349,118349,,True,
1742,38,14-III,La Constanza,CTG,,24000,24000,,True,
1742,38,17-III,"Begoña, Vencedor",HAB,,20000,20000,,True,
1742,38,8-VI,N.'S.''Dolores S-M,,,2861,2861,,True,
1742,38,11-VIII,La Margarita MRC,,,315,315,,True,
1742,38,,29-X(Loriant)-S.Luis,VRC,,224422,224422,100812,True,
1742,38,,"XI (Muros)—V. Miseric.""",,,104060,104060,104000,True,
1742,38,7-XII,Aventurero,,31000,89666,120666,,True,
1742,38,,18-XII(Coruña)-Ballena,,,159783,159783,,True,
1742,38,,¿...?-FlotadeRío,,,,,2000000,True,
1742,38,,¿...?—Pedro José,HAB,,205955,205955,,True,
1743,38,,31-1 (Faro)—La Princesa,VRC,,243781,243781,300000,True,
1743,38,,18-11 (Coruña)—Luis José,VRC,10000,727331,737331,737000,True,
1743,38,,27-11—SanctiSpiritus,VRC,,349279,349279,,True,
1743,38,,N.^ S.* Carmen y Jorge,VRC,200000,680626,880626,1200000,True,
1743,39,,4-1II—La Aventurera,VRC,,282389,282389,400000,True,
1743,39,,ó-IH —S.Juan Bautista,,,417703,417703,,True,
1743,39,,Sta. Rosa,,,214791,214791,,True,
1743,39,,Catalina Juana,,,26812,26812,,True,
1743,39,6-IV,S.Juan Bautista,,,297007,297007,297000,True,
1743,39,7-VI,N.»S.» Rosario TBC,,,47000,47000,,True,
1743,39,25-VI,"I—Conde Chinchón .,",VRC,,679310,679310,1000000,True,
1743,39,10-IX,Navio francés,VRC,,,,4000000,True,
1743,39,2-XI,N.''S.''Dol.«^ S.Fco,HAB,,40000,40000,,True,
1743,39,,ló-XII-N.^'S.» Rosario,,,30000,30000,,True,
1744,39,,29-11-S.JuanBautista S-M,,,1000,1000,,True,
1744,39,,l-III-S.Lorenzo HAB,,,30451,30451,,True,
1744,39,,28-1V-El Salomón,B-A,,26111,26111,,True,
1744,39,20-VI,S.Rafael CTG/HAB,,,324261,324261,,True,
1744,39,22-VI,Los Dos Amigos HAB,,,61789,61789,,True,
1744,39,27-VI,Postillón Alicante,VRC,,69700,69700,,True,
1744,39,10-IX,N.''S.''Rosario,VRC,,190998,190998,,True,
1744,39,,N.^'S.* Regla,VRC,,168493,168493,302124,True,
1744,39,23-IX,Cristo Veracruz,VRC,50000,7772,57772,,True,
1744,39,,"Fama, Héctor HAB",,,18040,18040,,True,
1744,39,28-XI,Rosario y S. Cristób,VRC,,140000,140000,,True,
1744,39,28-XI,"S. Juan,Diligente",VRC,11450,180700,192150,300000,True,
1744,39,,"XH —Buen Suc, Concordia",VRC,,122427,122427,,True,
1744,39,,Sta. Teresa HAB,,,74343,74343,,True,
1745,39,,5-1-El Glorioso VRC La Castilla,,1197852,7789014,8986866,,True,
1745,39,,Rayo Vizcaino,,,617648,617648,9604514,True,
1745,39,,El Brillante,,,352800,352800,,True,
1745,39,,La Perfecta,,,325256,352256,,True,crown+private != total
1745,39,,17-n-N.» S.» Dolores HAB,,,42000,42000,,True,
1745,39,,20-ni-Sr.S.José,B-A,3748,127397,131145,,True,
1745,39,6-V,El Fuerte,B-A,,807461,807461,,True,
1745,39,7-VI,La Amable María .... VRC,,,62383,62383,,True,
1745,39,,El Fuerte,B-A,,65667,65667,,True,
1745,40,,O-VI-N.'^S.'delaLuz,VRC,,61397,61397,,True,
1745,40,17-VI,Gran Poder Dios,VRC,,70019,70019,,True,
1746,40,,14-1-N.» S.'' Remed.S Ninfa,VRC,75000,867489,942489,,True,
1746,40,,"N.'' S."" Carmen y S. Jorge",,75000,883285,958285,,True,
1746,40,,14-1 — El Spiridion,,50000,550529,600529,,True,
1746,40,,"S. Miguel, Salomón",,75000,594868,669868,,True,
1746,40,,La Perla,HAB,100000,166360,266360,3480001,True,
1746,40,20-I,ElAsia,B-A,202736,369666,572402,1000000,True,
1746,40,26-I,S.Rafael,VRC,,476104,476104,,True,
1746,40,,7-n-La Lis,LMA,,1107316,1107316,,True,
1746,40,,7-ni-S. Vicente Ferrer,HAB,100000,277726,377726,,True,
1746,40,,14-ni-Stma. Trinidad,VRC,,105042,105042,,True,
1746,40,5-IV,N.^S.''Coro,CRC,,67079,67079,,True,total reconstructed from crown+private
1746,40,,Sr. S. José,CRC,2800,19951,22751,,True,
1746,40,,Sta. Teresa,CRC,,1872,1872,,True,
1746,40,,S. Joaqm'n,CRC,,25703,25703,,True,
1746,40,4-VI,El Perfecto,B-A,130122,194533,324655,320395,True,
1746,40,7-VI,El Soberbio,VRC,100000,1147756,1247756,1295344,True,
1746,40,,El Enrique,LMA,,841930,841930,895051,True,
1746,40,,7-Vn-Teresa Josefa,CTG,,41682,41682,,True,
1746,40,3-IX,Postillón Canarias,VRC,,6590,6590,,True,
1747,40,,27-1 (Lisboa) — Flota de Río,,,,,400000,,
1747,40,30-I,LaLis Mar deis,,,,,75000,,
1747,40,,N.^S.^Begoña,VRC,,31541,31541,,,
1747,40,,6-n-S. Antonio,B-A,,48510,48510,,,
1747,40,,20-n-S.Cristóbal,HAB,200000,181664,381664,,,
1747,40,,2-ni (Tenerife)-El Héctor,LMA,,1821519,1821519,,,total reconstructed from crown+private
1747,40,,"ll-ni-N.= S."" Rosario",HAB,,50000,50000,50000,,
1747,40,,Sto. Tomás,HAB,,50000,50000,,,
1747,40,15-V,S.Nicolás,VRC,47058,133619,180677,,,
1747,40,,16-Vni-El Glorioso,VRC,940910,2969363,3910273,3940486,,
1747,40,19-IX,Ana María,CTG,,40450,40450,42000,,
1747,40,7-XI,S.Miguel,VRC,,1697183,1697183,3499921,,
1748,40,9-I,La Reina,HAB,,30000,30000,,True,
1748,40,,"N.' S.» Rosario, Perla",HAB,50000,154124,204124,,True,
1748,41,,"S. Miguel, Salomón VRC",,50000,375042,425042,,True,
1748,41,,"N.^ S."" Begoña, Vencedor",,50000,976193,1026193,,True,
1748,41,,"N.'* S."" Viñas, N."" Loreto",,50000,360987,410987,,True,
1748,41,,S. Miguel y Ánimas,,50000,127978,177978,,True,
1748,41,,El Alción,,,266737,266737,,True,
1748,41,,"ll-I-N.-S."" Godos, Aretón . HAB",,,1198,1198,2486732,True,
1748,41,,MI (Pasajes)-S.^ Bárbara . CRC,,50000,44053,94053,,True,
1748,41,,23-11 (Canarias) — S. Joaquín,,50000,100492,150492,,True,
1748,41,,23-11 (Camarinas) — S ta. Ana,,55926,130149,186075,400000,True,
1748,41,,III (Lisboa)-Un navio ... HAB,,,,,200000,True,
1748,41,20-III,S to. Domingo,,50000,43893,93893,,True,
1748,41,25-IV,N.^ S.'' Nazaret de Teneri- fe con tesoro Héctor .... LMA,,40000,1821519,1861519,1500000,True,total reconstructed from crown+private
1748,41,26-VII,N.''S.''Rosario .... HAB,,,115000,115000,,True,total reconstructed from crown+private
1748,41,,"N."" S."" Concepción",,50000,115199,165199,230000,True,
1748,41,8-VII,Sto. Cristo y Ánimas,B-A,,22290,22290,,True,
1748,41,27-VII,Amable María,B-A,,154154,154154,,True,
1748,41,16-VIII,Pma. Concepción . VRC,,,59984,59984,,True,
1749,41,8-I,N.''S.''del Coro CRC,,2000,48515,50515,,True,
1749,41,13-I,"N.''S.'' Carmen, Galga HAB",,,40000,40000,30000,True,
1749,41,21-III,Lucía,,,1232593,1232593,1232593,True,
1749,41,22-III,El Conde M-S,,,2312332,2312332,2323441,True,
1749,41,,IMV-S.Martín HAB,,,255483,255483,250000,True,
1749,41,14-VI,Salvador CTG,,,67270,67270,50000,True,
1749,41,23-VI,Flota de Río (Lisboa),,,,,6000000,True,
1749,41,13-VII,(Ferrol)-Vencedor . VRC,,158465,4057013,4215478,,True,
1749,41,,Invencible,,141656,3131327,3272983,,True,
1749,41,,Tigre,,156875,2821284,2978159,,True,
1749,41,,Nueva España,,141656,3807271,3948927,,True,
1749,41,,El León,,,6264440,7391350,,True,crown+private != total
1749,41,,S.Jorge,,,359461,359461,,True,
1749,41,,S. Spiridón,,,164570,164570,,True,
1749,41,,"Sr. S. José, El Galgo",,,117901,117901,,True,
1749,41,,S. Fernando,,,20494,20494,,True,
1749,41,14-VII,S. Ignacio Loyola ... HAB,,,946,946,,True,
1749,41,16-VII,N.»S.» Soledad,,,1007132,1007132,,True,
1749,41,,Galga,,,796052,796052,24021543,True,
1749,41,15-VII,N.'S.» Rosario VRC,,,201831,201831,208151,True,
1749,41,17-VII,Sta. Bárbara CRC,,,1023,1023,1073,True,
1749,41,22-VII,N.'S.* Concepción . VRC,,,298596,298596,,True,
1749,41,6-VIII,Stma. Trinidad,,,2700,2700,,True,
1749,41,,61X —Purísima Concepción,,,32999,32999,,True,
1749,41,,Postillón Hannover,,,31663,31643,,True,crown+private != total
1749,41,18-X,~Sta. Bárbara,B-A,5000,46095,51095,50000,True,
1749,42,9-XI,"S. Familia, Dichoso",VRC,,21163,21163,21000,True,
1749,42,21-XII,"S.Miguel, Salomón",VRC,,1190966,1190966,700000,True,
1749,42,27-XII,N/S.''Rosario,CRC,,8702,8702,,True,
1750,42,,16-1—Margarita,CTG,,12400,12400,,True,
1750,42,,18-1-S.Cristóbal,HAB,,30472,30472,30000,True,
1750,42,,14-1 — Sgdo. Nacimiento,VRC,,15048,15048,,True,
1750,42,,20-1 (Galicia)-Ág. Volante . p,,302400,500,302900,,True,
1750,42,,U-II —S. Francisco,B-A,108572,1467399,1575971,1430169,True,
1750,42,28-III,S. Miguel y Ánimas,VRC,,202142,202142,,True,
1750,42,,22-1V - N.* S.^ Guadalupe,HAB,,5950,5950,,True,
1750,42,24-IV,La Reina,VRC,517542,4098935,4616477,4705851,True,
1750,42,27-IV,Jesús Nazareno,VRC,,14154,14154,,True,
1750,42,,T-V — Sr. S.José,CRC,,300,300,,True,
1750,42,25-V,LaGeorgina,CRC,,10600,10600,,True,
1750,42,2-VI,La América,CTG,235068,1085772,1320840,1339430,True,
1750,42,6-VI,Sacra Familia,VRC,,77143,77143,77143,True,
1750,42,8-VI,El Fénix,VRC,553248,7576844,8130092,,True,
1750,42,8-VI,El Dragón,CTG,320630,7016201,7336831,15847423,True,
1750,42,10-VI,La Castilla M-S,,472681,1387793,1860474,,True,
1750,42,,La Europa,CTG,465659,1239218,1704877,,True,
1750,42,,ll-VI-N.-'S.^ Ángeles,CTG,,24000,24000,,True,
1750,42,6-VII,S.José,CRC,,37416,37416,,True,
1750,42,30-VII,"N.''S.""Monserrate",VRC,,508142,508142,,True,
1750,42,2-VIII,N.^S.^ Caridad,VRC,,510293,510293,1031302,True,
1750,42,,"9-Vin-N.^ S."" Esperanza",,,31241,31241,,True,
1750,42,14-IX,Galga,,100000,720049,820049,827195,True,
1750,42,16-XII,N.^S.^Begoña,,113051,1757899,1870950,1869398,True,
1750,42,18-XII,La Perla,HAB,,139991,139991,139076,True,
1750,42,25-XII,"N.' S.' Remedios ,",HON,,216218,216218,213187,True,
1750,42,29-XII,"Sacra Familia .. ,",VRC,,38968,38968,38809,True,
1751,42,,"8-1 -N.* S."" Arriarte, Limeña",LMA,,4410,4410,,True,
1751,42,,16-1—Pma. Concepción,CTG,,147639,147639,138000,True,
1751,42,,28-1 — El Escorpión,VRC,,361843,361843,500000,True,
1751,42,,20-11-Sta. Elena,HON,,282494,282494,282494,True,
1751,42,2-III,La Dorotea VGN ElAlcartán,HON,,745787,745787,745788,True,
1751,42,26-III,Cristo Columna,CTG,,96324,96324,97172,True,
1751,42,12-IV,ElFan VGN,,,18748,18748,,True,
1751,42,28-IV,"S. José,Vulcano",VRC,,67656,67565,,True,crown+private != total
1751,42,,"S. Antonio, Esterop",VRC,,55245,55245,116172,True,
1751,43,8-V,N.^S/Milagros,B-A,6000,210710,216710,216710,True,
1751,43,10-V,"N.'' S.'' Asunción, León",HAB,,257980,257980,257980,True,
1751,43,7-VII,S.Cristóbal,HAB,,127219,127219,,True,
1751,43,,Conde,VRC,4803,1790062,1794865,,True,
1751,43,,Nuevo Loreto,VRC,,589357,589357,,True,
1751,43,,"N."""" S.''Carmen",VRC,,75237,75237,2309823,True,
1751,43,17-VIII,Reina Ángeles,B-A,92000,1055479,1147479,1147479,True,
1751,43,27-VIII,Buchanan,CRC,,35501,35501,,True,
1751,43,18-IX,El Oriente,VRC,,1826782,1826782,1798980,True,
1751,43,,Sto. Domingo,HAB,,25017,25017,25268,True,
1751,43,6-X,Gran Victoria,CRC,,3885,3885,,True,
1751,43,,S. Fernando,CRC,,8950,8950,,True,
1751,43,31-XII,"N.^ S.' Rosar., Perla",CRC,,8000,8000,8000,True,
1752,43,,3-1-N.^'S.'Rosar.^ Soberbio . MS,,408000,2008175,2416175,2299039,False,
1752,43,,Flora,VRC,2033108,2322258,4355366,3464000,False,
1752,43,,7-1-N.^'S.^ Atocha,VRC,,34444,34444,34388,False,
1752,43,,lO-I-S.José y S.Antonio ... MRC,,,7474,7474,13100,False,
1752,43,,26-1-PabloGalera,CRC,,4493,4493,,False,
1752,43,,29-1 —La Concordia,CRC,,3534,3534,,False,
1752,43,31-I,"S.Feo.Sales, Tetis",VRC,4803,1213575,1218378,1231291,False,
1752,43,,Soberbio (hundido),VRC,,1269151,1269151,1400000,False,
1752,43,,25-ni-N.»S.'Dolores,CTG,,14799,14799,25000,False,
1752,43,,"30-1V - S. Pedro, Rayo",HAB,,5565,5565,,False,
1752,43,,"Santiago, Galicia",HAB,,26750,26750,,False,
1752,43,,"S. Luis, Infante",HAB,,5565,5565,50000,False,
1752,43,2-IV,N.'S.'Pilar M-S,,300000,1769123,2069123,2066429,False,
1752,43,8-VI,ElJazon,VRC,,2143159,2143159,,False,
1752,43,8-VI,"N."" S.' Car. y S. Jorge",VRC,,2023564,2023564,2139430,False,
1752,43,9-VI,N.*S.'Remedios,CTG,,11249,11249,,False,
1752,43,,S.Bárbara,CRC,,4912,4912,,False,
1752,43,21-VI,N.-S.'del Coro,CRC,,138041,138041,,False,
1752,43,,6-Vin-Amable María M-S,,,18859,18859,18800,False,
1752,43,8-IX,Buchanan,,373568,887815,1261383,1245991,False,
1752,43,19-IX,"N.» S.» Car., Neptuno",,2219100,5114084,7333184,7285488,False,
1752,43,21-IX,"N.-S.'Guadal., Fte",CTG,,30285,30285,,False,
1752,43,21-IX,S.Cristóbal,HAB,,144331,144331,144331,False,
1752,43,20-X,S.Femdo. (Pasajes),CAM,,418000,418000,423801,False,
1752,43,,"20-Xn-S.Fco., La Lidia",B-A,,249136,249136,313611,False,
1753,44,,"lO-I - N.'' S.' Dolores, Triunf",VRC,367145,1480756,1847901,1840622,True,
1753,44,,23-1-S.Joaquín,GUA,,15597,15597,15000,True,
1753,44,,"17-1 — Pastora, Brillante",GUA,200000,579967,779967,,True,
1753,44,,"18-1-N."" S."" Rosario, Alcón",GUA,200000,1050942,1250942,2041625,True,
1753,44,5-II,"S. Rosendo, Ninfa",HON,,76724,76724,76724,True,
1753,44,,"S. Rosendo, Ninfa . CTG-HAB",,,200284,200284,,True,
1753,44,,U-II-S.Fernando,CRC,,19874,19874,,True,
1753,44,,28-11-S.Espiridión,CTG,,338658,338658,,True,
1753,44,,26-1V - S. Feo. Javier,VRC,,9600,9600,,True,
1753,44,5-V,S. Carlos,HAB,,5000,5000,,True,
1753,44,,N.'S.» Rosario,CTG,,163804,163804,163804,True,
1753,44,11-V,S. Ignacio,HAB,,5000,5000,,True,
1753,44,,9-Vn-N.*S.'Yedra,B-A,,76727,76727,,True,
1753,44,,18-Vn-S. Raimundo,VRC,,2031590,2031590,,True,
1753,44,,"N. S."" Carmen",VRC,,216236,216236,2254852,True,
1753,44,,Sta.Ana,CRC,,26831,26831,38000,True,
1753,44,,N.» S.* Guadalupe,CTG,,135551,135551,135655,True,
1753,44,,S. Juan B. Toscano,LMA,620000,1732290,2352290,2372852,True,
1753,44,,14-Vni-»-S.Miguel,HAB,,9150,9150,,True,total reconstructed from crown+private
1753,44,,"14-Vni-N.' S.* Ros."", Rayo",CTG,,329954,329954,,True,
1753,44,,Triunfo Sevill.*',CTG,,304272,304272,304264,True,
1753,44,,S. Miguel y Anim,VRC,,1586105,1586105,,True,
1753,44,,S. José y S. Antonio,VRC,,442963,442963,2412931,True,
1753,44,15-VIII,La Margarita,VRC,,8100,8100,,True,
1753,44,16-VIII,N.» S.-* Concepción . S-D,,,251,251,,True,
1753,44,7-IX,Sacra Familia,LMA,,1132792,1132792,,True,
1753,44,26-IX,S. Ignacio Loyola,LMA,,651839,651839,670839,True,
1753,44,,SO-IX-N.^S.-^Pilar,HON,,47508,47508,,True,
1753,44,1-X,"N.* S."" Rosario",HON,,96432,96432,126029,True,
1753,44,11-X,Sto. Cristo Sta. Cruz,CTG,,600,600,,True,
1753,44,20-X,Sr.S.José,CRC,,4230,4230,,True,
1753,44,4-XI,N.*S.'Belén yS.Fco,CAM,,29298,29298,,True,
1753,44,10-XI,El Gavilán,VRC,,8093,8093,,True,
1754,44,,"14.1 _ N.' S."" Buen Viaje",CTG,,328347,328347,329000,True,
1754,44,30-III,El Dragón,VRC,2380843,4807780,7188623,7187381,True,
1754,44,,27-1V-La Venganza,CTG,38386,674013,712399,707220,True,
1754,44,,30-1V—S. José y S. Nicolás,CTG,,195484,195484,,True,
1754,44,17-V,"N.» S.' Carmen, Galga",VRC,,290878,290878,280166,True,
1754,44,29-V,N.''S.'Milagros,B-A,,8470,8470,,True,
1754,44,29-V,N.» S.» Concepción ... MRC,,,22317,22317,,True,
1754,44,3-VI,Sto. Domingo,HAB,,23924,23924,,True,
1754,44,6-VI,S. Pedro,VRC,,479782,479782,480000,True,
1754,44,18-VII,La Unión,CTG,,7113,7113,,True,
1754,44,19-VII,N.» S.'' Monserrate,VRC,,89696,89696,98512,True,
1754,44,24-VIII,S.Sebastián,CRC,,973,973,,True,
1754,44,23-VIII,S. Feo. Javier,VRC,,500,500,,True,
1754,45,,IMX-S. Antonio,CRC,,525,525,1537,True,
1754,45,,S. Cristo Sta. Cruz,CTG,90,,90,,True,
1754,45,,N.''S/Rosario HAB,,,10053,10053,,True,
1754,45,,La Nueva España,VRC,,447446,447446,431000,True,
1754,45,2-X,"Jesús, María y José ... LMA",,,1688453,1688453,1688628,True,
1754,45,9-X,N.^S.^Aránzazu,B-A,,846010,846010,853000,True,
1754,45,14-X,S.José CRC,,2000,6352,8352,8310,True,
1754,45,,X (fin) - Flota de Río .... (Lisboa),,,,,800000,True,
1754,45,19-XI,N.^ S.'' Concepción,B-A,,1845533,1845533,1850000,True,
1754,45,7-XII,S. Antonio Fadua,B-A,,191118,191118,191118,True,
1754,45,14-XII,S.Joaquín CRC,,,1439,1439,,True,
1755,45,5-I,"N.^S.=*Concep.,Vict. ... LMA",,,1769301,1769301,1955527,True,
1755,45,,"N.'' S.'' Carmen, Canario HON",,,112079,112079,111692,True,
1755,45,,6-1— S. Rosendo,CTG,,200296,200296,200296,True,
1755,45,8-I,"N.""S.''Ros.^ Hércules",CTG,,356412,356412,326226,True,
1755,45,12-I,S. Andrés MRC,,,3239,3239,,True,
1755,45,,"14-1 —Rosario, Principe",VRC,,54449,54449,56888,True,
1755,45,,15-1 —Rosario y S. Feo HAB,,,600,600,,True,
1755,45,,23-1 — Rosario y S. Juan Bta,VRC,,1950,1950,,True,
1755,45,5-III,Septentrión,CTG,32215,661270,693485,700000,True,
1755,45,5-III,Nabucodonosor HON,,,4553,4553,1256,True,
1755,45,1-VI,S. Sebastián (Lisboa),CRC,,,,6557,True,
1755,45,12-VI,Castilla,VRC,1214067,3067806,4281873,,True,
1755,45,,Europa,VRC,1209086,2715239,3924325,,True,
1755,45,,Dragón,VRC,,116769,116769,,True,
1755,45,,Marte,VRC,,56147,56147,10931151,True,
1755,45,,6-Vn-S. Pascual Baylon,CTG,,278943,278943,,True,
1755,45,,"Corazón Jesús, Conde",VRC,,1517108,1517108,,True,
1755,45,,"S. Antonio, Diamante",VRC,,94160,94160,,True,
1755,45,,"N.* S."" Begoña, Vencedor",VRC,,1126014,1126014,3025636,True,
1755,45,21-VII,Amable María LMA,,53606,1249408,1303014,1303014,True,
1755,45,,"22-Vn —Begoña, Príncipe",VRC,56300,1420330,1476630,1458629,True,
1755,45,11-IX,S. Pedro,VRC,,36909,36909,,True,
1755,45,,S. Fernando,VRC,24875,279456,304331,667086,True,
1755,45,18-IX,Stma. Trinidad,CTG,,160138,160138,216375,True,
1755,45,6-XI,N.''S.'del Coro,CRC,,25181,25181,25180,True,
1755,45,19-XII,"Peregrino, Jazón",B-A,1041,916834,917875,917874,True,
1755,45,22-XII,Pma. Concepción,VRC,10000,1256947,1266947,1266947,True,
1756,45,,10-11 - La Hermiona VRC,,7048,359803,366851,,True,
1756,45,,El Águila,,13765,174087,187852,549469,True,
1756,46,,13-11 —La Asunción,HAB,,119648,119648,119647,True,
1756,46,,19-11 - Caridad y S. Rosa,CTG,,9000,9000,,True,
1756,46,18-III,El Oriente,VRC,10000,807559,817559,,True,
1756,46,18-III,N.^S/Ros.^César,VRC,,45952,45942,,True,crown+private != total
1756,46,19-III,"N.^ S.' Arriarte, Lim.^",VRC,10000,966956,976956,,True,
1756,46,,Peregrina,VRC,,40809,40809,,True,
1756,46,,N.^ S.^ Concepción,CRC,,8653,8653,1889929,True,
1756,46,25-IV,Sta.Ana,CRC,,29171,29171,22149,True,
1756,46,6-VIII,América,VRC,2792525,5881686,8674211,,True,
1756,46,,Mercurio,VRC,,10000,10000,,True,
1756,46,,Júpiter,VRC,,12200,12200,8460659,True,
1756,46,19-VIII,El Príncipe,VRC,,30462,30462,,True,
1756,46,,El Rayo Vizcaya,VRC,,1120,1120,,True,
1756,46,,La Tetis,VRC,,51243,51243,,True,
1756,46,21-VIII,S.Jorge,B-A,1165,1136864,1138029,1125794,True,
1756,46,16-X,ElLeón,LMA,100000,3160556,3260556,3260556,True,
1756,46,13-X,S. Ignacio,CRC,,6111,6111,6086,True,
1756,46,18-X,Coro (Pasajes),CRC,,,,2381,True,
1757,46,1-I,S.Andrés,B-A,,434048,434048,,True,
1757,46,2-I,ElJazón,HAB,,4000,4000,,True,
1757,46,,"2-11 — S."" Maria, Reina Mar",CTG,16009,942518,958527,1344938,True,
1757,46,,30-1V-El Victorioso,VRC,,39156,39156,39156,True,
1757,46,,N.** S/Concepción,CTG,4688,624507,629195,629195,True,
1757,46,7-V,S. Sebastián,CRC,,7334,7334,6344,True,
1757,46,30-VI,N.»S.^ Asunción,HAB,,206767,206767,208626,True,
1757,46,,Sta. Ana,CRC,,,,125927,True,
1757,46,,19-Vn-S.Fco. Javier,CRC,,24604,24604,24604,True,
1757,46,,25-Vni-N.^ S/Buen Viaje,CTG,,486304,486304,,True,
1757,46,,S. Fco. J. Mentor,CTG,,10600,10600,496903,True,
1757,46,18-IX,S. Rosendo,HON,,71340,71340,71340,True,
1757,46,,"N.^ S.^ Carmen, Galga",LMA,,2026506,2026506,2006507,True,
1757,46,4-X,N.^S.»Pilar,LMA,500000,1846375,2346375,2029037,True,
1757,46,,"N.''S/Angustias, Jazón",VRC,,48222,48222,2789,True,
1757,46,4-X,Armonía,VRC,,19000,19000,19000,True,
1757,46,25-XII,Europa,VRC,1000000,3903827,4903827,,True,
1757,46,,Brillante,VRC,,19300,19300,,True,
1757,46,,Gallardo,VRC,,20000,20000,,True,
1757,46,,S. Cristóbal,HAB,,124000,124000,5063127,True,
1758,46,,9-1-S. Ignacio (Pasajes),CRC,,,,21542,True,
1758,46,9-II,N.''S.»Belén,B-A,,282854,282854,275241,True,
1758,46,,18-11-S. Fco. Jav. Torero,B-A,,887265,887265,883295,True,
1758,47,21-III,Cristo Sta. Cruz,CTG,,25176,25176,,True,
1758,47,22-III,La Victoria,CTG,,757355,757355,781843,True,
1758,47,24-IV,"Concepción, Pasaje",B-A,,646795,646795,620338,True,
1758,47,11-V,Sacra Familia S-D,,,8272,8272,,True,
1758,47,,"N."" S."" Pilar y Rosario",B-A,,12541,12541,,True,
1758,47,21-V,S.Miguel,HAB,,4000,4000,,True,
1758,47,27-V,S. Cenón,VRC,,1474,1474,,True,
1758,47,19-VI,S. Feo. Jav. (Coruña),CRC,,,,8669,True,
1758,47,1-VII,Sta.Ana,CRC,,28454,28454,28395,True,
1758,47,18-VII,N.^S.'' Asunción,HAB,,172540,172540,,True,
1758,47,4-VIII,S.Fernando,VRC,575795,7232457,7808252,,True,
1758,47,,Dragón,VRC,563431,6718206,7281637,,True,
1758,47,4-VIII,Triunfante,VRC,,32602,32602,,True,
1758,47,,Neptuno,VRC,,40000,40000,,True,
1758,47,4-VIII,"Rosario, Alcón",VRC,,2400,2400,,True,
1758,47,4-VIII,Soldorado,VRC,,312,312,,True,
1758,47,,N.^ S.''Concepción,CTG,2346,911474,913820,,True,
1758,47,,S. Pedro,CTG,,63020,63020,16289504,True,
1758,47,5-IX,S. Pascual Baylon,B-A,,591537,591537,437804,True,
1758,47,,X-S.Bruno LMA,,100126,2389079,2489205,2438018,True,
1758,47,14-X,N.^S.''Carmen,CTG,,217289,217289,,True,
1758,47,,S. Feo. Javier,HON,,95728,95728,,True,
1758,47,,"S. José, Guipúzcoa",CRC,,54034,54034,,True,
1758,47,16-X,Sta. Bárbara,CAM,,73243,73243,440292,True,
1758,47,24-XII,S. Cristóbal,HAB,,151784,151784,,True,
1759,47,,25-1 V-Stma. Trinidad,B-A,,286247,286247,,True,
1759,47,,S. Miguel y Ánimas,CRC,,,,300000,True,
1759,47,25-IV,N.«S.^Begoña,B-A,,24863,24863,,True,
1759,47,29-VI,"S. Miguel, Ünico",HAB,,6000,6000,,True,
1759,47,,"N."" S."" Rosario, Perla",HAB,,110000,110000,,True,
1759,47,21-VII,S. Femando,B-A,,1183318,1183318,1183318,True,
1759,47,,22-Vn-S. Ignacio,CRC,,33182,33182,26000,True,
1759,47,,28-Vni-ElAsia VRC,,2154089,7764890,9918979,,True,
1759,47,,El Oriente,CRC,,31515,31515,,True,
1759,47,,La Limeña,CRC,,40000,40000,9859068,True,
1759,47,12-X,Sto. Cristo Sta. Cruz,CRC,,7500,7500,,True,
1759,47,17-X,S. Feo. Javier,CRC,,4662,4662,,True,
1759,47,20-X,N.'S.''Monserrate ... HON,,,190755,190755,190097,True,
1759,47,8-XI,S.Fco.Borja LMA,,,1163259,1163259,1162629,True,
1759,47,,27-Xn-Santiago,CRC,,12600,12600,,True,
1760,48,,21-1 —La Asunción,HAB,,412504,412504,,True,
1760,48,,El Diamante,CTG,,47529,47529,,True,
1760,48,6-II,N.^S/Soledad,HAB,,2500,2500,,True,
1760,48,2-IV,Concepción y S. Raf,CUM,,5298,5298,,True,
1760,48,7-V,S.Carlos,HAB,,174456,174456,,True,
1760,48,6-VI,La Perla,HAB,,118699,118699,,True,
1760,48,7-VI,N.''S.''Pilar,P-R,,24320,24320,,True,
1760,48,13-VI,Sacra Familia,P-R,,61657,61657,,True,
1760,48,16-VI,La Limeña,HAB,,31717,31717,,True,
1760,48,,S.Rosendo,HON,,242149,242149,273267,True,
1760,48,19-VI,N.'' S.^ Atocha,HAB,,1000,1000,,True,
1760,48,,"8-Vni-N.""S.^Coro",CRC,,5856,5856,,True,
1760,48,,28-Vni-El Astuto,HAB,1607615,3118646,4726261,4726361,True,
1760,48,,"28-Vni-N.""S."" Concepción",HAB,,1645531,1645531,1737416,True,
1760,48,3-IX,"S.Miguel, Borja",HAB,,6081,6081,,True,
1760,48,,"6IX-N.""S.^ Buen Viaje",CTG,798,390936,391734,500000,True,
1760,48,14-IX,Príncipe S. Lorenzo,LMA,3500,2399466,2402966,1702387,True,printed total 2403046 replaced by crown+private
1760,48,30-IX,"S.S.José, Victoria",HAB,,2000,2000,,True,
1760,48,13-X,S. Espiridión,LMA,,1857162,1857162,1896266,True,
1760,48,,La Aurora,B-A,,229223,229223,261281,True,
1760,48,14-X,Triunfante,HAB,,66460,66460,,True,
1760,48,24-X,S.Rafael,LMA,,1997715,1997715,2049615,True,
1760,48,,El Jazón,VRC,,22000,22000,22000,True,
1760,48,,"29-Xn —Rosario, Alcón",VRC,,79207,79207,196207,True,
1761,48,,24-1-S. Feo. Javier,HAB,,22000,22000,22000,True,
1761,48,,7-1 —Asunción,HAB,3500,258800,262300,,True,
1761,48,,13-n-S.José y S.Antonio,P-R,,22793,22793,,True,
1761,48,,17-n-S.José,CRC,,1350,1350,,True,
1761,48,,6in-Buen Consejo,VRC,,22980,22980,,True,
1761,48,,Nueva España,VRC,,24355,24355,,True,
1761,48,24-V,S. Fernando,VRC,,15153,15153,15193,True,
1761,48,,"N.""* S.^ Concepción",VRC,,34000,34000,34000,True,
1761,48,,S.Carlos,HAB,,36000,36000,36000,True,
1761,48,29-V,El Conde,VRC,,30000,30000,,True,
1761,48,,S.Cristóbal,HAB,,106000,106000,136000,True,
1761,48,13-VI,Diligente,HAB,,675569,675569,702508,True,
1761,48,16-VI,N.^ S.^ Monserrate ... S-D,,,26688,26688,,True,
1761,48,16-VI,S. Ignacio Loyola,B-A,,865274,865274,865272,True,
1761,48,25-VI,S.Carlos,CRC,,11615,11615,,True,
1761,48,9-IX,"S. Pedro, Prudente",B-A,,251326,251326,253376,True,
1761,48,13-IX,"Santiago, España",VRC,1027609,3461981,4489590,,True,
1761,48,,Dragón,VRC,1026233,2963326,3989559,,True,
1761,48,,Júpiter,VRC,18700,,18700,,True,
1761,48,,Mercurio,VRC,26080,,26080,,True,
1761,48,,LaBegoña,VRC,,29708,29708,,True,
1761,49,,Sta. Ana,,,24500,24500,,True,
1761,49,,Dragón francés,,,20000,20000,,True,
1761,49,,Rayo Vizcaino,,,32492,32492,,True,
1761,49,,Gallardo,,,19150,19150,8620677,True,
1761,49,29-IX,Galera Esperanza ... LMA,,,1594238,1594238,1594238,True,
1761,49,6-X,"N."" S."" Pilar y Rosario . S-D",,,44228,44228,,True,
1761,49,9-X,S.Sebastián CRC,,,4680,4680,,True,
1761,49,10-X,Vigilante,B-A,,340103,340103,340103,True,
1761,49,15-X,N.^S.^ Pilar y S.José LMA,,,667567,667567,800000,True,
1761,49,31-X,S.Juan Bta. Toscano,B-A,,2605968,2605968,2638417,True,
1762,49,,14-1 - La Portobeleña CTG,,,6320,6320,,True,
1762,49,17-I,S.José VRC,,,8000,8000,8000,True,
1762,49,,"N."" S."" Concepción HAB",,,235152,235152,231738,True,
1762,49,,Concepc. Punto Fijo .... CTG,,,,,40209,True,
1762,49,,18-1-S. Feo. Javier CRC,,,7482,7482,,True,
1763,49,11-V,"Concepción, Pasajes",LMA,,1291278,1291278,1291278,True,
1763,49,30-VII,La Castilla VRC El Vencedor,LMA,570981,13219395,13790376,,True,
1763,49,,Neptuno,LMA,,55612,55612,,True,
1763,49,,La Concepción,LMA,,48176,48176,,True,
1763,49,,Brillante,LMA,,40990,40990,,True,
1763,49,,Arrogante,LMA,,6222,6222,,True,
1763,49,,Tridente,LMA,,38915,38915,,True,
1763,49,,Cristo Calvario,LMA,,88,88,,True,
1763,49,,S. Esteban,LMA,,288,288,14945117,True,
1763,49,,ll-VIII-N.^'S.''África CUM,,,14282,14282,,True,
1763,49,3-IX,N.»S.='Coro CRC,,,8040,8040,,True,
1763,49,27-X,Sta.Ana,LMA,,3994,3994,,True,
1764,49,3-I,N.''S.'Luz y S.Fco.J. ... S-D,,,800,800,,True,
1764,49,,"14-1 - N.'S.'Carmen, Galga CTG",,,1827705,1827705,1940438,True,
1764,49,28-II,Galicia HAB,,,250537,250537,,True,
1764,49,,El Monarca,,,150447,150447,,True,
1764,49,,Princesa,,,24400,24400,424713,True,
1764,49,,lO-III-N.'S.» Dolores CRC,,,1376,1376,,True,
1764,49,,30-1V-Gran Alejandro .... CTG,,,140000,140000,,True,
1764,50,10-V,Sta. Bárbara,B-A,,,1062697,1062599,True,crown+private != total
1764,50,3-VI,S. Feo. y S.Eulalia . ... S-D,,,117448,117448,,True,
1764,50,24-VI,El Dichoso,VRC,,719901,741532,,True,crown+private != total
1764,50,,El Serio,VRC,11986,489903,501889,,True,
1764,50,,N.^ S.^ Luz y S. Mames,VRC,,19945,19945,,True,
1764,50,24-VI,La Limeña,VRC,,26747,26747,1290113,True,
1764,50,,4-Vn-S.Miguel,LMA,,3156390,3156390,,True,
1764,50,5-VII,La Liebre,LMA,,2643619,2643619,5766033,True,
1764,50,,21-Vn - S. Juan Bta. Tosc.«,CTG,,38823,38823,,True,
1764,50,1-VIII,S. Judas Tadeo,CRC,,30325,30325,,True,
1764,50,,16-Vin-Buen Consejo,VRC,20000,2067241,2087241,,True,
1764,50,20-VIII,Oriflame,VRC,,42000,42000,2129247,True,
1764,50,,"29-VI11 — Carmen, Fáj aro",VRC,,19000,19000,,True,
1764,50,,l-IX-¿...?,,,,,100000,True,
1764,50,27-IX,Diamante,LMA,,2149558,2149558,1704651,True,
1764,50,25-X,S. Pedro y S. Pablo,CRC,,2123,2123,,True,
1764,50,,S. Juan Evangelista,B-A,,704317,704317,699441,True,
1764,50,20-XII,El Firme,CTG,4159,1868880,1873039,1879027,True,
1764,50,,20-Xn-™S.Cristóbal,HAB,,6000,6000,,True,
1765,50,11-II,S. Feo. J. Torero,LMA,,1215516,1215516,1225577,True,
1765,50,,22-11 - S. Feo. Javier,CRC,,3608,3608,3608,True,
1765,50,14-IV,S.José,VRC,,1300,1300,1300,True,
1765,50,2-V,"S. Miguel, Único",HAB,,64272,64272,,True,
1765,50,19-V,S. José Valiente,CTG,,601398,601398,601032,True,
1765,50,17-VI,Sta.Cruz,B-A,,108200,108200,108200,True,
1765,50,14-VII,S. Judas Tadeo,CRC,,,,3943,True,
1765,50,21-VII,El Dragón,VRC,28021,4027868,4055889,,True,
1765,50,,El Astuto,VRC,27518,3672770,3700288,,True,
1765,50,,N.» S.' Carmen y S. Feo,CTG,,222938,222938,,True,
1765,50,,Portobeleña,CTG,,314588,314588,,True,
1765,50,,"N."" S."" Concepción",B-A,149170,478880,628050,8937225,True,
1765,50,7-VIII,N.*S.'África,CUM,,8713,8713,,True,
1765,50,,"ll-VIII-N.""S.'»Dolores",LMA,,2924022,2924022,,True,
1765,50,12-VIII,Buen Consejo,LMA,,2304808,2304808,5224760,True,
1765,50,19-VIII,N.»S.'Coro,CRC,,8944,8944,8944,True,
1765,50,2-IX,ElAquiles,VRC,1212862,842974,2055836,,True,
1765,50,,Astrea,VRC,,32228,32228,2117000,True,
1765,50,24-X,S. Carlos,HAB,,23261,23261,,True,
1765,50,25-X,El Héctor,HAB,146,52488,52634,,True,
1765,50,25-X,S. Nicolás de Barí,HON,,4600,4600,80230,True,
1765,50,,2-Xn-Concepción,VRC,,22152,22152,22152,True,
1765,50,,16-Xn-Pura Concepción,CTG,,5400,5400,1400,True,
1766,51,,"MI-N.^S."" Rosario",VRC,,,51000,,True,crown+private != total
1766,51,,"3-11 —N."" S/ Concepción",VRC,,40000,40000,5400,True,
1766,51,4-III,Sta. Ana,VRC,,25000,25000,,True,
1766,51,,Buen Consejo,VRC,,42000,42000,,True,
1766,51,5-III,S.Nicolás,CTG,,5255,5255,72255,True,
1766,51,24-III,El Oriente,VRC,,30000,30000,,True,
1766,51,,Sta.Ana,CRC,,11028,11028,11028,True,
1766,51,27-III,S.Esteban,P-R,,56450,56450,,True,
1766,51,10-VI,"N.""» S.= Carm.n, Galga",CTG,,12000,12000,,True,
1766,51,24-VI,La Concordia,LMA,822785,2123489,2946274,2946274,True,
1766,51,,S. Cristóbal,HAB,,19800,19800,19800,True,
1766,51,25-VI,Sta.Gertrudis,B-A,,18700,18700,18700,True,
1766,51,2-VII,Buen Suceso,B-A,,70952,70952,,True,
1766,51,,6-yiII-Victorioso ... CAM,,,6880,6880,,True,
1766,51,22-VIII,El Gallardo,LMA,700000,2402025,3102025,3102025,True,
1766,51,,9IX-S. Ignacio,CRC,,8631,8631,,True,
1766,51,20-IX,Magnán.« (Ferrol) MONT,,,,,1556070,True,
1766,51,24-IX,Brillante,CTG,58,1199279,1199337,,True,
1766,51,,S.Fernando,HAB,22589,656303,678892,1898226,True,
1766,51,29-IX,S. Ignacio,B-A,,534864,534864,534864,True,
1766,51,15-XI,Príncipe S. Lorenzo,B-A,2071,946441,948512,948512,True,
1767,51,,19-1-La Industria,B-A,,538808,538808,538808,True,
1767,51,7-II,N.='S.''Carmen,HAB,,5746,5746,,True,
1767,51,13-III,"Santiago, España",VRC,45908,8404008,8449916,,True,
1767,51,,S. Carlos,VRC,45181,7642695,7687876,,True,
1767,51,,Constanza,VRC,,12000,12000,,True,
1767,51,17-III,Portobeleña,CTG,,6000,6000,16222364,True,
1767,51,,27-1V-Triunfante,VRC,,30000,30000,,True,
1767,51,15-III,N.*S.'Dolores,CRC,,10855,10855,,True,
1767,51,11-VI,S.José HAB,,,20000,20000,,True,
1767,51,14-VI,Sta.Ana,CRC,,,,4600,True,
1767,51,17-VI,Americano,CRC,,5500,5500,,True,
1767,51,19-VI,Psma. Concepción,CTG,,4503,4503,,True,
1767,51,2-VII,El Firme,VRC,,134362,134362,653654,True,
1767,51,13-VII,N.'S.-Dolores LMA,,12000,2329677,2341677,2034677,True,
1767,51,18-VII,N.' S.'» Aránzazu,HAB,,8000,8000,,True,
1767,51,28-VII,El Jasón,VRC,,500,500,,True,
1767,51,13-VIII,ElAquiles LMA,,,1676628,1676628,1701052,True,
1767,51,28-VIII,El Dragón,VRC,,4586920,4586920,4616736,True,
1767,51,31-VIII,Aurora,CTG,,9000,9000,,True,
1767,51,5-IX,Bello Indio,HAB,,11994,11994,,True,
1767,51,,"N.'S.""Merced",HAB,,300,300,,True,
1767,51,,"N."" S.'Rosario",VRC,,19800,19800,,True,
1767,51,,S. Feo. Javier,CRC,,4702,4702,200000,True,
1767,51,7-IX,Galera Esperanza,B-A,,78601,78601,63000,True,
1767,51,10-IX,S.José,B-A,,188555,188555,,True,
1767,52,12-IX,S. Rafael,HAB,,18000,18000,,True,
1767,52,29-IX,N.'S.''Pilar,CUM,,7484,7484,7484,True,
1767,52,30-IX,Matamoros,LMA,,909422,909422,909442,True,
1767,52,16-X,ElToscano,LMA,,1030492,1030492,1030402,True,
1767,52,29-X,"Guadalupe, Tetis",HON,,79556,79556,93773,True,
1767,52,31-X,La Famosa,LMA,23748,569859,593607,604314,True,
1767,52,16-XI,S.Esteban S-D,,,34509,34509,,True,
1768,52,4-I,Sr. S. José,CUM,,6737,6737,,True,
1768,52,,La Venus,B-A,,686770,686770,,True,
1768,52,9-I,N/ S.^ Loreto,CTG,,510161,510161,,True,
1768,52,,El Pájaro,B-A,,10943,10943,,True,
1768,52,,18-11-S.Esteban,B-A,,21500,21500,21500,True,
1768,52,,26-n-Fortuna,CTG,,194524,194524,205863,True,
1768,52,8-III,Sta. Ana,HAB,,2000,2000,,True,
1768,52,,S. Julián,CTG,,4000,4000,,True,
1768,52,,30-ni-S.Zenón,HAB,,9081,9081,,True,
1768,52,,S. Juan Bautista,HAB,,5050,5050,,True,
1768,52,,La Peregrina,HAB,,4000,4000,,True,
1768,52,1-IV,El Gallego,HAB,,3000,3000,,True,
1768,52,8-IV,Jesús Nazareno,HAB,,500,500,,True,
1768,52,,El Pájaro,VRC,,30055,30055,,True,
1768,52,16-IV,Aquiles,VRC,,30000,30000,,True,
1768,52,,"S. Miguel, Vizarra",VRC,,3000,3000,,True,
1768,52,,Amable María,CTG,,6400,6400,39400,True,
1768,52,20-IV,La Feliz,CTG,,64013,64013,,True,
1768,52,,21-1V-La Abundancia,HAB,,3000,3000,,True,
1768,52,,29-1V-El Águila,VRC,,9068,9068,,True,
1768,52,30-IV,"S. José, Peruano",LMA,56344,275886,332230,300000,True,printed total 333230 replaced by crown+private
1768,52,1-V,S. Pedro y S. Pablo,CRC,,72069,72069,333230,True,
1768,52,,If-V - El Americano,HAB,,5000,5000,,True,
1768,52,,2Ô-V-El Terrible (Canarias),,,,,300000,True,
1768,52,31-V,El Olivo,HAB,,3000,3000,,True,
1768,52,,ll-VI—La Venganza,HAB,,101150,101150,,True,
1768,52,13-VI,Buen Suceso,VRC,,16000,16000,,True,
1768,52,15-VI,S. Feo. Javier,HAB,,5350,5350,,True,
1768,52,,1-Vn — S. Feo. Asís,HAB,,15979,15979,,True,
1768,52,,11-Vn-La Isabel,HAB,,4500,4500,,True,
1768,52,15-VII,N.'S.'África,CUM,34511,6950,41461,,True,
1768,52,,16-Vn-N.-S.* Dolores,CRC,,,,2765,True,
1768,52,,2-Vni-N.*S.* Rosario,VRC,,20000,20000,,True,
1768,52,,3-Vni-La Castilla,VRC,599236,4523671,5122907,5143907,True,
1768,52,,21-Vni-La Esmeralda,B-A,,761990,761990,749152,True,
1768,52,,La Pastora,HAB,,2450,2450,2450,True,
1768,52,,29-Vni-La Concordia,LMA,,1627934,1627934,,True,
1768,52,,Sta. Bárbara,LMA,,398665,398665,2026599,True,
1768,53,6-IX,Rosario y S. Feo,,120000,1343051,1463051,1463051,True,
1768,53,19-IX,La Sanluqueña HAB,,,1000,1000,,True,
1768,53,27-IX,Trinidad,,,10900,10900,,True,
1768,53,3-X,S. Miguel,,,37874,37874,,True,
1768,53,5-X,Buen Suceso ... . LMA,,30000,1136061,1166061,1166061,True,
1768,53,7-XII,Soberbio CUM,,,7557,7557,,True,
1769,53,3-I,N.^S.^Monserrate CUM,,,4500,4500,,True,
1769,53,27-I,N.'S.^Coro,CRC,,6002,6002,,True,
1769,53,,30-1-N.^'S.''Carmen,B-A,,238497,238497,238498,True,
1769,53,,6 n-Sta. Gertrudis HON,,,16938,16938,,True,
1769,53,,"U-H —Jesús, M.% José",B-A,,17351,17351,,True,
1769,53,,13-n-Fortobeleña,CTG,,801896,801896,,True,
1769,53,,14-11-El Vigilante HON,,,80799,80799,,True,
1769,53,,5-ni-S.José,HAB,,2000,2000,,True,
1769,53,,lO-ni-S. Feo. Asís,CTG,,17600,17600,,True,
1769,53,,14-ni-Astrea VRC,,,16000,16000,1154912,True,
1769,53,,3-1V-La Fortuna,HAB,,52990,52990,,True,
1769,53,,51V-S.Fernando,B-A,,107620,107620,107620,True,
1769,53,7-IV,La Feliz,HAB,,25000,25000,,True,
1769,53,,S. Feo. Asís,HAB,,25000,25000,,True,
1769,53,,8-1V —Santiago América,HAB,16097,1845383,1861480,1860485,True,
1769,53,14-IV,Diamante,B-A,,64851,64851,,True,
1769,53,,18-1V-El Nacimiento,HAB,,1680,1680,,True,
1769,53,24-V,La Venganza,CTG,,76727,76727,,True,
1769,53,,17-Vn-Oriflame,B-A,,298658,298658,500000,True,
1769,53,1-IX,S.Antonio,PTB,,53989,53989,,True,
1769,53,9-IX,El Príncipe,B-A,,502280,502280,,True,
1769,53,11-IX,LaVizarra,PTB,,14117,14117,,True,
1769,53,,Neptuno,VRC,,74443,74443,,True,
1769,53,15-IX,N.'S.'Rosario,VRC,,43909,43909,,True,
1769,53,15-IX,ElToscano,VRC,,50400,50400,,True,
1769,53,6-X,La Fortuna,P-R,,106008,106008,,True,
1769,53,9-X,S.Gabriel,CRC,,1800,1800,,True,
1769,53,17-X,Jasón,VRC,,18000,18000,,True,
1769,53,22-X,Soberbio CUM,,,1342,1342,,True,
1769,53,24-X,S. Rafael,VRC,,95081,95081,50000,True,
1769,53,30-X,S. Ignacio,CRC,,5486,5486,,True,
1769,53,7-XI,TemordeDios,B-A,,377957,377957,114000,True,
1769,53,,"14-Xn-N.'S.'"" Guadalupe .. HON",,,133524,133524,133521,True,
1769,53,20-XII,El Águila,LMA,,2036747,2036747,2008949,True,
1769,53,,28-Xn - La Constanza,CTG,,792741,792741,792823,True,
1770,54,,S.Miguel,LMA,,636648,636648,636648,True,
1770,54,19-I,LaFeliz HAB,,,122216,122216,,True,
1770,54,,19-11-N.^ S.^ Dolores,CRC,,5434,5434,,True,
1770,54,22-II,ElVarón HAB,,,71801,71801,,True,
1770,54,2-III,N/S.^ Carmen GUT,,,11479,11479,,True,
1770,54,15-III,El Aquiles,VRC,,85664,85664,85664,True,
1770,54,16-III,S. Esteban CUM,,,4520,4520,,True,
1770,54,16-IV,"Jesús, M.% José",B-A,,468402,468402,,True,
1770,54,,S. Carlos,HAB,,31803,31803,500205,True,
1770,54,3-V,La Ventura,LMA,100000,2655205,2755205,2749205,True,
1770,54,17-V,Ferla,VRC,,8000,8000,,True,
1770,54,,N.^ S.''Soledad,CTG,,882913,882913,891579,True,
1770,54,27-VI,"N.""S.^ Merced S-D",,,18820,18820,,True,
1770,54,,10-Vn-P. Concepción,CTG,,21744,21744,,True,
1770,54,,19-Vn-La Venganza,P-R,,141858,141858,,True,
1770,54,,20-Vn-N.^S.^ Dolores CUM,,,840,840,,True,
1770,54,,22-Vn-La España,VRC,904809,7337905,8242714,,True,
1770,54,,Dragón,VRC,925593,6856374,7781967,,True,
1770,54,,Sta. Ana,VRC,,65642,65642,16010083,True,
1770,54,,10-Vni-El Astuto,CTG,,14471,14471,,True,
1770,54,,11-Vin-S. Nicolás,B-A,,670811,670811,691231,True,
1770,54,13-VIII,S. Antonio S-D,,,16425,16425,,True,
1770,54,18-VIII,Concordia LMA,,2560,1078513,1081073,,True,
1770,54,,Galga,B-A,,999807,999807,2080880,True,
1770,54,4-IX,Matamoros VRC,,,38000,38000,,True,
1770,54,5-IX,S. Cristóbal,CTG,,2640,2640,2640,True,
1770,54,9-IX,Aurora LMA,,,916245,916245,914283,True,
1770,54,22-IX,Diamante,CTG,,643308,643308,649058,True,
1770,54,9-X,S. Antonio HAB,,,2179,2179,,True,
1770,54,12-X,S. Miguel y Sant,CRC,,6203,6203,,True,
1770,54,13-X,N.='S.''Pilar ... HAB,,,6100,6100,,True,
1770,54,12-XI,Venturoso HON,,,94207,94207,,True,
1770,54,19-XI,Hércules LMA,,,882482,882482,873536,True,
1770,54,20-XI,Sta. Rosa,B-A,2200,511807,514007,504188,True,
1770,54,,S.JoséyS.Ant HON,,,79685,79685,,True,
1771,54,9-I,N.'S.'Monserrate CUM,,,1740,1740,,True,
1771,54,,12-1-Buen Consejo,VRC,,26392,26392,,True,
1771,54,14-I,LaFeliz HAB,,,203485,203485,,True,
1771,54,20-I,"Jesús,M.% José HON",,,69651,69651,,True,
1771,54,,2-ni-Portobeleña,CTG,,11500,11500,,True,
1771,54,,Stma. Trinidad HAB,,,688,688,,True,
1771,54,,7-1V-S. Esteban,P-R,,24587,24587,,True,
1771,54,5-V,ElToscano VRC,,,18200,18200,,True,
1771,55,7-V,ElEstocolmo,HAB,,3800,3800,,True,
1771,55,,ElLoreto,HAB,,3950,3950,,True,
1771,55,9-V,S. Miguel,HAB,,5929,5929,,True,
1771,55,16-VI,El Furioso,CUM,,1400,1400,,True,
1771,55,1-VII,El Soberbio,CUM,,200,200,,True,
1771,55,27-VII,S.Narciso,HAB,,2388,2388,,True,
1771,55,,"28-Vn —Jesús, M."", José",HAB,,7000,7000,,True,
1771,55,,29-Vn — Ecce Homo,HAB,,2071,2071,,True,
1771,55,,1-Vin-S. Feo. Javier GRA,,,2820,2820,,True,
1771,55,,13-Vni-Sta. Rosalía,HAB,,1897,1897,,True,
1771,55,,19-Vin-GranVicent,P-R,,2604,2604,,True,
1771,55,20-IX,Gran Almirante,B-A,,3453,3453,,True,
1771,55,30-IX,Sta. Lucía,HAB,,1289656,1289656,1350318,True,
1771,55,6-XI,S. Carlos GRA,,,4560,4560,,True,
1771,55,,13-Xn-Sta.Ana,CTG,,4000,4000,,True,
1771,55,,La Esmeralda,CTG,,12000,12000,,True,
1772,55,,19-1-La Industria,B-A,490,1057049,1057539,1057049,True,printed total 1056539 replaced by crown+private
1772,55,,14-n-S. Feo. Paula,B-A,,46000,46000,,True,
1772,55,,23-nI-La Esmeralda,CTG,,656537,656537,,True,
1772,55,,26-n I - S ta. Gertrudis,CTG,,758504,758504,1415041,True,
1772,55,30-III,S. Miguel,CRC,,52190,52190,,True,
1772,55,,"lO-IV-N.'^S."" Piedad",B-A,,137308,137308,,True,
1772,55,,17-1V-El Pájaro,HON,,96222,96222,,True,
1772,55,,27-1V - S. Nicolás Barí,HON,,10999,10999,,True,
1772,55,5-V,S. Esteban S-D,,,16503,16503,,True,
1772,55,20-V,S. Rafael,HAB,520495,3999822,4520317,,True,
1772,55,,S. Pedro Alcántara,HAB,411342,2455106,2866448,7368770,True,
1772,55,26-V,S. Miguel,HAB,,2000,2000,,True,
1772,55,26-V,El Vencedor VCR,,,18000,18000,,True,
1772,55,1-VI,S. Lorenzo,LMA,40000,3189460,3229460,3271268,True,
1772,55,15-VI,Septentrión,LMA,51190,2591599,2642789,,True,
1772,55,,El Astuto,LMA,40000,1282438,1322438,,True,
1772,55,,La Liebre,LMA,20000,694153,714153,4720425,True,
1772,55,29-VI,S.Vicente,LMA,,30000,30000,,True,
1772,55,,17-Vn —Pma. Concepción,B-A,,62209,62209,,True,
1772,55,,18-Vn-LaJuno HAB,,,148655,148655,,True,
1772,55,,22-Vn-S. Julián,B-A,1237,559906,561143,,True,
1772,55,,24-Vn-Sta. Catalina,B-A,,75699,75699,,True,
1772,55,,La Ventura LMA,,,35280,35280,883051,True,
1772,55,,4-Vin-N.^S.''Monserrat ... CUM,,,6341,6341,,True,
1772,55,,U-Vni-Sta. Rosalía LMA,,,1150967,1150967,1150967,True,
1772,55,,30-Vni-La Minerva,HAB,,57500,57500,,True,
1772,55,11-IX,S. Ignacio GRA,,,5036,5036,,True,
1773,56,,21-1-Triunfante HON,,,51200,51200,,True,
1773,56,8-II,S.Julián,CRC,,12569,12569,,True,
1773,56,,12-11-BuenConsejo,VRC,,90776,90776,,True,
1773,56,,ll-II-N.^'S.» Victoria,B-A,,499318,499318,599573,True,
1773,56,,16-11-El Hércules,VRC,,35000,35000,,True,
1773,56,,4 ni —Buen Suceso,CTG,,9989,9989,,True,
1773,56,,5-ni-El Venturoso,HON,,40000,40000,,True,
1773,56,,Matamoros,VRC,,51306,51306,,True,
1773,56,,La Limeña,VRC,,38465,38465,,True,
1773,56,1-IV,S. Cristóbal,VRC,,14865,14865,,True,
1773,56,,5-1V — Rosario y S. Feo,VRC,,69510,69510,,True,
1773,56,,17-1V-S.Lorenzo,B-A,,128152,128152,,True,
1773,56,,27-1V-S.Rafael,VRC,,82263,82263,,True,
1773,56,4-V,S. Feo. Paula,VRC,,44941,44941,,True,
1773,56,,El Vigilante,VRC,,51074,51074,,True,
1773,56,11-VI,El Dichoso,VRC,,25127,25127,,True,
1773,56,17-VI,LaAstrea,CTG,2296,2037992,2040288,,True,
1773,56,,N.^ S.^Rosario,VRC,,53115,53115,2093403,True,
1773,56,21-VII,~-ElJasón,VRC,,40484,40484,,True,
1773,56,,22-Vn —La Vizarra,VRC,4295,2000,6295,,True,
1773,56,,13-Vni-Sta. Bárbara,B-A,,384910,384910,,True,
1773,56,,N.^ S.^ Carmen,B-A,,176546,176546,561517,True,
1773,56,19-VIII,S.Lorenzo,LMA,40000,2159050,2199050,2199072,True,
1773,56,20-VIII,Pma. Concepción,VRC,,49785,49785,,True,
1773,56,10-IX,Galga,VRC,,57377,57377,,True,
1773,56,,Aquiles,LMA,,2552951,2552951,2579668,True,
1773,56,21-IX,S.JuanBta,CUM,,3800,3800,,True,
1773,56,1-X,S. Feo. Paula,CUM,,6214,6214,,True,
1773,56,29-X,Toscano,LMA,,983747,983747,983747,True,
1773,56,,ló-XI-N.^S.'^Begoña,CTG,,12474,12474,,True,
1773,56,24-XII,"Jesús, M.Mosé",HON,,13835,13835,,True,
1773,56,,La Ventura,HON,,225219,225219,,True,
1774,56,,4-1-La Esmeralda,CTG,,40882,40882,,True,
1774,56,14-I,S. Carlos,CTG,,15500,15500,,True,
1774,56,8-III,"Jesús,M.% José",B-A,,406987,406987,407480,True,
1774,56,,11-ni-El Dragón,VRC,1077566,6139023,7216589,,True,
1774,56,,U-HI —Los Placeres,VRC,,64694,64694,,True,
1774,56,,"18-nI —Santiago, América",VRC,1096227,6526953,7623180,,True,
1774,56,,Portobeleña,VRC,,45609,45609,,True,
1774,56,,Sant. España,VRC,1068000,6268009,7336009,22329355,True,
1774,56,18-V,La Aurora,LMA,,35000,35000,,True,
1774,56,19-V,Gallardo,LMA,,40000,40000,,True,
1774,56,22-V,S. Miguel,CRC,,16743,16743,,True,
1774,56,24-V,Temor de Dios,B-A,,247255,247255,319543,True,
1774,56,31-V,La Liebre,LMA,151694,1908764,2060458,,True,
1774,56,,La Industria,LMA,172925,2120378,2293303,4313261,True,
1774,57,15-VII,"N.""S/Monserrat ... CUM",,,313,313,,True,
1774,57,16-VII,S. Esteban F-R,,,14366,14366,,True,
1774,57,27-VII,La Peregrina,VRC,5429,,5429,,True,
1774,57,28-VII,S. Juan,VRC,3823,2046,5869,,True,
1774,57,12-VIII,N.='S.''Victoria,B-A,,300415,300415,300415,True,
1774,57,,25-Vni-M.Miguel,B-A,,69052,69052,,True,
1774,57,2-IX,Sta. Ana,VRC,,35000,35000,,True,
1774,57,3-IX,La Galga,CTG,,29394,29394,,True,
1774,57,,La Limeña,B-A,,120171,120171,,True,
1774,57,9-IX,Sta. Catalina,CTG,,2096969,2096969,2260184,True,
1774,57,23-X,ElÁguila LMA,,8000,604621,612621,612621,True,
1774,57,3-XI,S. Carlos GRA,,,23730,23730,,True,
1774,57,4-XI,"N.""S.""Monserrat",CTG,,24978,24978,,True,
1774,57,20-XI,S. Nicolás Ban HON,,,116906,116906,,True,
1774,57,,"8-Xn-N."" S."" Concepción",B-A,98,472899,472997,472902,True,
1774,57,,"27-Xn - N.'' S."" Concepción GYNA",,,2500,2500,,True,
1775,57,,28-1-El Soberbio CUM,,,1000,1000,,True,
1775,57,,10-ni-ElJasón,B-A,,91868,91868,,True,
1775,57,,12-nI-Sta. Gertrudis HON,,,180785,180785,272653,True,
1775,57,12-V,S.Miguel GRA,,,45656,45656,45656,True,
1775,57,18-V,"N.""S."" Piedad VRC",,,41270,41270,,True,
1775,57,6-VII,Buen Consejo LMA,,,1805905,1805905,1806956,True,
1775,57,,"ll-Vn-N.""S.^Begoña CTG",,,72079,72079,,True,
1775,57,,17-Vn-El Astuto LMA,,,908244,908244,,True,
1775,57,,Toscano,B-A,,457747,457747,1438056,True,
1775,57,,"22-Vn-Jesús,M.Mosé . ... CTG",,,55720,55720,,True,
1775,57,,U-Vni-El Astuto VRC,,1885390,4179698,6065088,,True,
1775,57,,S. Miguel HAB,,,2779060,2779060,8843541,True,
1775,57,,12-Vni-S. Feo. Paula CUM,,,11170,11170,,True,
1775,57,,13-Vni-S.José VRC,,3369,,3369,,True,
1775,57,,"15-Vni—Jesús, M.% José",B-A,,4000,4000,,True,
1775,57,,"21-Vni-Jesús, M.^ José",B-A,,40000,40000,,True,
1775,57,,lO-IX-N.'^S.* Rosario GYNA,,,4064,4064,,True,
1775,57,,IMX-El Pájaro CTG,,,921183,921183,,True,
1775,57,12-IX,S. Ignacio GRA,,,6739,6739,,True,
1775,57,13-IX,Hércules LMA,,35362,1500814,1536176,2464098,True,
1775,57,15-IX,La Galga CTG,,,144044,144044,,True,
1775,57,10-X,La Anónima,B-A,,10710,10710,,True,
1775,57,,24-Xn-Triunfante HON,,,111004,111004,,True,
1775,57,,19-Xn-Florentina,B-A,,517622,517622,,True,
1775,57,,22-Xn-N.'S.« Pilar S-D,,,60551,60551,,True,
1775,57,,23-Xn-S.JuanBta HON,,,106134,106134,,True,
1775,57,,26-Xn —Venturoso,B-A,5544,122000,127544,,True,
1776,58,,21-1—La Presentación,HAB,,1584,1584,,True,
1776,58,,28-1-Stma. Trinidad,VRC,,41270,41270,,True,
1776,58,7-II,S.Julián GRA,,,2236,2236,,True,
1776,58,,13-11 —La Vizcaína,CTG,,22963,22963,,True,
1776,58,11-V,N/ S/ Carmen,VRC,,10700,10700,,True,
1776,58,20-V,S. Pedro Alcántara,LMA,,1093252,1093252,,True,
1776,58,20-V,S. Julián,LMA,,1168850,1168850,2262105,True,
1776,58,27-V,La Peregrina,VRC,,19072,19072,,True,
1776,58,28-V,S.Juan,VRC,,4751,4751,,True,
1776,58,2-VI,Victoria,B-A,457,259634,260091,,True,
1776,58,,6VI-LaPerla CUM,,,8186,8186,,True,
1776,58,8-VI,América,VRC,1718474,2311714,4030188,4298464,True,
1776,58,12-VI,S. Tomás Villanueva,B-A,,45538,45538,,True,
1776,58,15-VI,S. Miguel GRA,,,14651,14651,14651,True,
1776,58,19-VII,N/S/Monserrate,CUM,,1000,1000,,True,
1776,58,20-VIII,S. Ignacio GRA,,,,,24323,True,
1776,58,23-VIII,N.^ S.» Rosario,CTG,20000,1305316,1325316,,True,
1776,58,24-VIII,Buen Suceso,B-A,,13771,13771,1339087,True,
1776,58,2-IX,Toscano,B-A,191,317023,317214,317023,True,
1776,58,4-IX,ElAquiles,LMA,,889089,889089,889089,True,
1776,58,19-IX,S. Nicolás Bari,VRC,,151420,151420,151420,True,
1776,58,20-X,El Gallardo,LMA,,727133,727133,727129,True,
1776,58,26-X,La Aurora,LMA,5935,130984,136919,,True,
1776,58,,XI — Sta. Teresa de Jesús ... GRA,,,,,2100,True,
1776,58,,"l-XII-Jesús,M.%José",CTG,,37483,37483,,True,
1776,58,9-XII,S.José,B-A,,131967,131967,,True,
1776,58,11-XII,"N/S.^ Rosario, Paz",LMA,,25702,25702,,True,
1776,58,16-XII,S. Julián GRA,,,,,2900,True,
1777,58,,"20-1—S. José, Coro",HON,,174416,174416,,True,
1777,58,,21-1-Diligencia,VRC,,34104,34104,,True,
1777,58,,Matamoros,VRC,,82945,82945,,True,
1777,58,,Concepción GYNA,,,9500,9500,,True,
1777,58,,S. Nicolás Bari,HON,,108004,108004,,True,
1777,58,23-I,Sta.Inés,HAB,,700,700,,True,
1777,58,,ó-n-N.^'S.''Carmen,VRC,,40000,40000,,True,
1777,58,,8-n-La Galga,VRC,,58300,58300,,True,
1777,58,,6-ni-S. Rafael GRA,,,2077,2077,,True,
1777,58,,8-ni-La Angélica MONT,,,20291,20291,,True,
1777,58,,10-ni-El Pájaro,VRC,,210000,210000,,True,
1777,58,,S. Carlos,VRC,,95000,95000,,True,
1777,58,,ll-HI —La Ventura,VRC,,26002,26002,,True,
1777,58,,14-ni-S.Lorenzo,CTG,,84563,84563,84759,True,
1777,58,,19-ni - S. Vicente Mártir ... MRC,,,,,32700,True,
1777,58,,20-ni-El Dichoso,VRC,,40000,40000,,True,
1777,58,,30-111-Portobeleña,VRC,,57500,57500,,True,
1777,58,1-IV,La Gaditana,CTG,,325459,325459,325459,True,
1777,59,10-IV,El Peruano LMA,,,1599452,1599452,1559706,True,
1777,59,13-IV,S. Feo. Paula CUM,,,2000,2000,,True,
1777,59,,24-1V-Los Plaeeres VRC,,,80000,80000,,True,
1777,59,30-IV,S. Pablo,,,102108,102108,,True,
1777,59,15-V,LaBegoña,,,160400,160400,,True,
1777,59,12-VI,El Rosario,,,189000,189000,,True,
1777,59,14-VI,S. Nicolás Barí CTG,,,329348,329348,,True,
1777,59,29-VI,N.»S.^ Rosario VRC,,,111300,111300,,True,
1777,59,29-VI,S. Feo. Paula,,,127476,127476,,True,
1777,59,17-VII,S.Esteban S-D,,,34115,34115,,True,
1777,59,2-VIII,S.Carlos GRA,,,8334,8334,8334,True,
1777,59,19-VIII,Buen Consejo VRC,,,96278,96278,96278,True,
1777,59,,S.José GYNA,,,1500,1500,,True,
1777,59,15-IX,La Aurora MONT,,,15000,15000,,True,
1777,59,12-X,El Soberbio HON,,,28969,28969,,True,
1777,59,23-X,ElÁguila LMA,,,25057,25057,,True,
1777,59,,4-Xn-N.»S.''Soledad GRA Sta. Teresa Jesús,,,,,3128,True,
1777,59,,22-Xn-La Aurora CTG,,,70773,70773,,True,
1778,59,,ll-I —S.Lorenzo LMA,,,38927,38927,,True,
1778,59,12-I,S.Julián VRC,,,311246,2905355,,True,crown+private != total
1778,59,,La Concepción LMA,,,88444,88444,,True,
1778,59,,La Victoria B-A,,,20000,20000,3052842,True,
1778,59,17-I,N.^S.''Monserrate . ... CUM,,,5708,5708,,True,
1778,59,,15-n-El Hércules MONT,,,16000,16000,,True,
1778,59,,IS-H —ElToscano »,,,12000,12000,,True,
1778,59,,La Fortunada CTG,,,64584,64584,,True,
1778,59,26-II,S.José,,,433487,433487,,True,
1778,59,,8-1 n — León Colorado,,,535425,535425,535375,True,
1778,59,,25-ni-S. Ignacio GRA,,,2869,2869,2869,True,
1778,59,4-V,S. Nicolás Bari . VRC,,,98158,98158,,True,
1778,59,9-V,"Jesús,M.%José HON",,,36051,36051,,True,
1778,59,16-V,S.Miguel VRC,,,129130,129130,,True,
1778,59,24-V,El Vigilante,,,80765,80765,,True,
1778,59,,Monserrat,,,51229,51229,,True,
1778,59,31-V,N.»S.''Dolores MONT,,,13992,13992,,True,
1778,59,21-VI,La Peregrina VRC,,,31442,31442,,True,
1778,59,29-VI,S.Juan HAB,,,1950,1950,,True,
1778,59,,"N.'S."" Rosario VRC",,,93227,93227,92227,True,
1778,59,,"La España (Cp."")",,305974,4612972,4918946,,True,
1778,59,,El Dragón,,301185,4471331,4772516,,True,
1778,59,,S.Lorenzo HAB,,304000,4603147,4907148,,True,
1778,59,,Ángel Guarda,,300000,4455270,4755270,,True,
1778,59,,S.Cristóbal VRC,,,131000,131000,,True,
1778,59,,El Pájaro,,,25000,25000,19509875,True,
1778,59,,7-Vn-El Venturoso HON,,,35466,35466,,True,
1778,60,9-VII,S.Carlos GRA,,,,,21143,True,
1778,60,20-VII,El Astuto,LMA,58243,3296094,3354337,3354336,True,
1778,60,29-VII,S.José MONT,,500000,1079337,1579337,1579377,True,
1778,60,31-VII,Brillante,VRC,,267680,267680,,True,
1778,60,1-VIII,LaPaz,CTG,,477286,477286,477286,True,
1778,60,14-VIII,N.^S.^ Carmen,B-A,15000,160501,175501,,True,
1778,60,,S. Feo. Paula,CTG,,328850,328850,,True,
1778,60,,16-Vni-S.Pedro MONT,,,32000,32000,,True,
1778,60,,19-Vin--ElJasón,CTG,,17875,17875,,True,
1778,60,10-IX,ElAquiles,LMA,,1461075,1461075,1455675,True,
1778,60,17-IX,El Serio MONT,,500820,1285431,1786251,1788251,True,
1778,60,4-X,Nicolás Ban,CTG,,488666,488666,488673,True,
1778,60,17-X,S. Miguel y Santiago GRA,,325,3000,3325,3325,True,
1778,60,27-X,Príncipe Carlos .... MONT,,,12254,12254,,True,
1778,61,,"CÓDIGO CUADRO: B-A: Buenos Aires; maná; GRA: La Guaira; GUT: JMC: Jamaica; LMA: Lima; MART: del Sur; N-E: Nueva España; P-R: Marta; TBC: Tabasco; T-F: Tierra Le Professeur Antonio communiquer les résultats de dias, relatives à une précieux américains, publiés (d'après les gazettes nos échanges de correspondance, Avec sa permission, prétation innocente ou non, courant des difficultés du travail En 1967, les Annales nous un compte-rendu développé Provinces-Unies de N. W. fres empruntés aux gazettes qui prolongeaient jusqu'en 1700 Espagne, établies par E. J",,,1660,1660,,True,total reconstructed from crown+private
1778,61,,"Les mêmes sources xviii^ siècle soit de l'Amérique de reconstituer une courbe allant —en recourant à l'occasion à des n'existait rien de comparable. Ce Des péripéties universitaires (assez volumineux) présenté et l'Atlantique. Il était de simple à un aggiornamento. Ce que je leur origine^. L'entreprise avait été légitime serait-ce que pour rompre avec un cliché. On ne se cachait pas d'une mauvaise transmission, sences - celles-ci particulièrement notices à partir de 1760 environ ^ «D'Amsterdam à Seville: de NEAU, M., Incroyables gazettes et les gazettes hollandaises XVI^-XVIW daises constituaient la principale",,,,192,,True,crown+private != total
1778,62,,"264 ANTONIO commerce libre. Je me suis recherches, cette fois à cas échéant et de compléter ^. Grâce à une bourse de trois Lisboa sur l'aimable dinho, la chose fut possible au peu l'issue, après plusieurs cas furent brefs pour autoriser riens espagnols: Eufemio nous avons pu échanger de sa propre vérification, dont la masse et le volume du Ce rappel revient à dire que Fisher ^. Il est évident que, du à nous rapprocher des métriaux leur endroit comme on l'aura ont été l«écho» ou la réplique, valeur d'incitatrices pour la de la leçon hamiltonienne, et figée à la réception il était tes» et des «relaciones» «desde Ces exercices combien combien fructueux appellent un en place des problèmes. Se chaque fois que cela est possible tages sur cinq ou dix ans lieu, l'impératif de la une nouvelle preuve de sa En ce qui concerne les L° les chiffres détaillés de ^ Cette préoccupation qui affleure communication au Congrès tenu à",,,,,1895,True,
1778,62,,"VAN CAUWENBERGHE, Eddy H. G. Structures in Latin-America, Europe ^ LORENZO SANZ, Eufemio, (Seville 1980). Le livre d'Antonio",,,,,1988,True,
1778,63,,"^ FISHER, John, Commercial Free Trade, 1778-17% (Liverpool 1985). ^ L'errement a été suivi par E. J. qu'il offrait une sorte de garantie dispense pas de la production des chronologique (1-5 ou 0-4), ce qui presque désespérée pour capitulations de C. H. 2.° les chiffres du xvii*' l'enregistrement (avérées) Pour l'heure, les gazettes tuent le principal élément en dehors de nous, por 3."" les chiffres proposés par appuyés rais tendance à leur cente de la thèse de à une confrontation criants ^. Parvenir à la meilleure sentielle, une tâche quero González, nous ne égard au flottement induit par extraordinaires. L'orée de la coup d'efforts et de persévérance cer par E. J. Hamilton— pour en posant mieux au départ ou des sources. Cela suppose un organisation différente de certé, collectif, méthodique et Pour une part, en effet, de la définitive requiert encore en augmentant le rendement. réduit, aujourd'hui, à ce qui",,,,1934,,True,crown+private != total
1778,63,,"l'intention d'Huguette et de navigation entre l'Espagne et ressant dont l'exécution a, '' Les données de HARING, C, H. in the time of the Habsbourgs MILTON, E. J., American treasure and the ^ EVERAERT, John, De (1670-1700) (Bruges 1973). ^ PÉREZ SINDREU, Francisco de Publications de l'Université, 1992). tibles. Par exemple Pérez Sindreu",,,1750,1750,,True,total reconstructed from crown+private
1778,63,,"de 1749 et de 1750 l'on obtient Sindreu qui n'a rien retenu, lui, pour",,,,,65037914,True,
1778,63,,"pesos. Dans d'autres occasions, le hiatus",,,,,1746,True,
1778,63,,ou 1777 et 1728-1729),,,,192,,True,crown+private != total
