port_name,year,vessels,real_hacienda,particulares,total_pesos
Buenos Aires,1721,1,0.0,4193190.0,4193190.0
Buenos Aires,1722,1,0.0,18791.0,50263.0
Buenos Aires,1723,1,0.0,0.0,0.0
Buenos Aires,1727,2,0.0,702564.0,702564.0
Buenos Aires,1729,2,0.0,41904.0,41904.0
Buenos Aires,1739,3,0.0,1605124.0,1605124.0
Buenos Aires,1740,3,0.0,158516.0,158516.0
Buenos Aires,1744,1,0.0,26111.0,26111.0
Buenos Aires,1745,3,3748.0,1000525.0,1004273.0
Buenos Aires,1746,2,332858.0,564199.0,897057.0
Buenos Aires,1747,1,0.0,48510.0,48510.0
Buenos Aires,1748,2,0.0,176444.0,176444.0
Buenos Aires,1749,1,5000.0,46095.0,51095.0
Buenos Aires,1750,1,108572.0,1467399.0,1575971.0
Buenos Aires,1751,2,98000.0,1266189.0,1364189.0
Buenos Aires,1752,1,0.0,249136.0,249136.0
Buenos Aires,1753,1,0.0,76727.0,76727.0
Buenos Aires,1754,4,0.0,2891131.0,2891131.0
Buenos Aires,1755,1,1041.0,916834.0,917875.0
Buenos Aires,1756,1,1165.0,1136864.0,1138029.0
Buenos Aires,1757,1,0.0,434048.0,434048.0
Buenos Aires,1758,5,0.0,2420992.0,2420992.0
Buenos Aires,1759,3,0.0,1494428.0,1494428.0
Buenos Aires,1760,1,0.0,229223.0,229223.0
Buenos Aires,1761,4,0.0,4062671.0,4062671.0
Buenos Aires,1764,2,0.0,704317.0,1767014.0
Buenos Aires,1765,2,149170.0,587080.0,736250.0
Buenos Aires,1766,4,2071.0,1570957.0,1573028.0
Buenos Aires,1767,3,0.0,805964.0,805964.0
Buenos Aires,1768,4,0.0,1481203.0,1481203.0
Buenos Aires,1769,7,0.0,1607214.0,1607214.0
Buenos Aires,1770,4,2200.0,2650827.0,2653027.0
Buenos Aires,1771,1,0.0,3453.0,3453.0
Buenos Aires,1772,6,1727.0,1938171.0,1939898.0
Buenos Aires,1773,4,0.0,1188926.0,1188926.0
Buenos Aires,1774,6,98.0,1616779.0,1616877.0
Buenos Aires,1775,7,5544.0,1243947.0,1249491.0
Buenos Aires,1776,5,648.0,767933.0,768581.0
Buenos Aires,1778,1,15000.0,160501.0,175501.0
Callao (Lima),1721,1,300000.0,880496.0,1180496.0
Callao (Lima),1746,2,0.0,1949246.0,1949246.0
Callao (Lima),1747,1,0.0,1821519.0,1821519.0
Callao (Lima),1751,1,0.0,4410.0,4410.0
Callao (Lima),1753,3,620000.0,3516921.0,4136921.0
Callao (Lima),1756,1,100000.0,3160556.0,3260556.0
Callao (Lima),1757,2,500000.0,3872881.0,4372881.0
Callao (Lima),1760,3,3500.0,6254343.0,6257843.0
Callao (Lima),1763,10,570981.0,14704958.0,15275939.0
Callao (Lima),1764,3,0.0,7949567.0,7949567.0
Callao (Lima),1765,3,0.0,6444346.0,6444346.0
Callao (Lima),1766,2,1522785.0,4525514.0,6048299.0
Callao (Lima),1767,3,23748.0,2509773.0,2533521.0
Callao (Lima),1768,3,56344.0,2302485.0,2358829.0
Callao (Lima),1769,1,0.0,2036747.0,2036747.0
Callao (Lima),1770,2,100000.0,3291853.0,3391853.0
Callao (Lima),1772,5,151190.0,7787650.0,7938840.0
Callao (Lima),1773,3,40000.0,5695748.0,5735748.0
Callao (Lima),1774,4,324619.0,4104142.0,4428761.0
Callao (Lima),1776,6,5935.0,4035010.0,4040945.0
Callao (Lima),1778,2,58243.0,4757169.0,4815412.0
Campeche,1717,1,0.0,36994.0,36994.0
Campeche,1723,1,0.0,7048.0,7048.0
Campeche,1726,1,0.0,148054.0,148054.0
Campeche,1732,1,0.0,66962.0,66962.0
Campeche,1737,1,0.0,74675.0,74675.0
Campeche,1752,1,0.0,418000.0,418000.0
Campeche,1753,1,0.0,29298.0,29298.0
Campeche,1758,1,0.0,73243.0,73243.0
Caracas,1721,1,0.0,14648.0,14648.0
Caracas,1723,1,0.0,89956.0,89956.0
Caracas,1726,1,0.0,14258.0,14258.0
Caracas,1727,2,0.0,28097.0,28097.0
Caracas,1731,8,276126.0,2465333.0,2741459.0
Caracas,1732,6,1574817.0,1882076.0,3456893.0
Caracas,1734,1,35000.0,900.0,35900.0
Caracas,1735,2,70542.0,31432.0,101974.0
Caracas,1736,2,30100.0,79822.0,109922.0
Caracas,1737,11,606428.0,7065487.0,7671915.0
Caracas,1738,2,35326.0,118414.0,153740.0
Caracas,1739,3,7040.0,46250.0,53290.0
Caracas,1740,1,0.0,3511.0,3511.0
Caracas,1741,1,0.0,1004.0,1004.0
Caracas,1746,4,2800.0,114605.0,117405.0
Caracas,1749,1,0.0,8702.0,8702.0
Caracas,1750,3,0.0,48316.0,48316.0
Caracas,1751,4,0.0,56336.0,56336.0
Caracas,1752,4,0.0,150980.0,150980.0
Caracas,1753,3,0.0,50935.0,50935.0
Caracas,1754,2,0.0,1498.0,1498.0
Caracas,1755,2,0.0,25181.0,25181.0
Caracas,1756,4,0.0,43935.0,43935.0
Caracas,1757,3,0.0,31938.0,31938.0
Caracas,1758,4,0.0,82488.0,82488.0
Caracas,1759,7,0.0,129459.0,129459.0
Caracas,1760,1,0.0,5856.0,5856.0
Caracas,1761,2,0.0,12965.0,12965.0
Caracas,1764,2,0.0,32448.0,32448.0
Caracas,1765,3,0.0,12552.0,12552.0
Caracas,1766,2,0.0,19659.0,19659.0
Caracas,1767,4,0.0,21057.0,21057.0
Caracas,1768,2,0.0,72069.0,72069.0
Caracas,1769,3,0.0,13288.0,13288.0
Caracas,1770,2,0.0,11637.0,11637.0
Caracas,1772,1,0.0,52190.0,52190.0
Caracas,1773,1,0.0,12569.0,12569.0
Caracas,1774,1,0.0,16743.0,16743.0
Cartagena,1719,1,28500.0,391884.0,420384.0
Cartagena,1720,3,0.0,875935.0,875935.0
Cartagena,1721,1,0.0,64000.0,64000.0
Cartagena,1722,1,0.0,5300.0,5300.0
Cartagena,1726,1,0.0,581544.0,1192881.0
Cartagena,1732,1,0.0,12000.0,12000.0
Cartagena,1738,2,461551.0,6004344.0,6465895.0
Cartagena,1741,1,0.0,0.0,0.0
Cartagena,1742,1,0.0,24000.0,24000.0
Cartagena,1746,1,0.0,41682.0,41682.0
Cartagena,1747,1,0.0,40450.0,40450.0
Cartagena,1750,5,1021357.0,9377591.0,10398948.0
Cartagena,1751,2,0.0,243963.0,243963.0
Cartagena,1752,3,0.0,56333.0,56333.0
Cartagena,1753,6,0.0,1272839.0,1272839.0
Cartagena,1754,5,38476.0,1204957.0,1243433.0
Cartagena,1755,5,32215.0,1657059.0,1689274.0
Cartagena,1756,1,0.0,9000.0,9000.0
Cartagena,1757,4,20697.0,2063929.0,2084626.0
Cartagena,1758,5,2346.0,1974314.0,1976660.0
Cartagena,1760,2,798.0,438465.0,439263.0
Cartagena,1764,2,4159.0,1907703.0,1911862.0
Cartagena,1765,4,0.0,1144324.0,1144324.0
Cartagena,1766,3,58.0,1216534.0,1216592.0
Cartagena,1767,3,0.0,19503.0,19503.0
Cartagena,1768,5,0.0,779098.0,779098.0
Cartagena,1769,4,0.0,1688964.0,1688964.0
Cartagena,1770,5,0.0,1565076.0,1565076.0
Cartagena,1771,3,0.0,27500.0,27500.0
Cartagena,1772,2,0.0,1415041.0,1415041.0
Cartagena,1773,3,2296.0,2060455.0,2062751.0
Cartagena,1774,5,0.0,2207723.0,2207723.0
Cartagena,1776,3,20000.0,1365762.0,1385762.0
Cartagena,1777,2,0.0,410022.0,410022.0
Cartagena,1778,4,0.0,1312677.0,1312677.0
Cumana,1760,1,0.0,5298.0,5298.0
Cumana,1765,1,0.0,8713.0,8713.0
Cumana,1767,1,0.0,7484.0,7484.0
Cumana,1768,2,34511.0,13687.0,48198.0
Cumana,1771,2,0.0,1600.0,1600.0
Cumana,1773,2,0.0,10014.0,10014.0
Cumana,1776,1,0.0,1000.0,1000.0
Guatemala,1753,3,400000.0,1646506.0,2046506.0
Havana,1717,4,0.0,13701.0,13701.0
Havana,1718,1,0.0,30327.0,30327.0
Havana,1719,1,0.0,16149.0,16149.0
Havana,1720,2,0.0,61591.0,61591.0
Havana,1721,1,0.0,26434.0,26434.0
Havana,1723,3,1384028.0,7733927.0,9117955.0
Havana,1724,1,0.0,200.0,200.0
Havana,1732,1,0.0,5000.0,5000.0
Havana,1734,8,2247492.0,12534808.0,14782300.0
Havana,1738,2,0.0,72076.0,72076.0
Havana,1739,4,0.0,66301.0,66301.0
Havana,1740,5,0.0,61523.0,61523.0
Havana,1741,1,0.0,26000.0,26000.0
Havana,1742,2,0.0,225955.0,225955.0
Havana,1743,1,0.0,40000.0,40000.0
Havana,1746,2,200000.0,444086.0,644086.0
Havana,1747,3,200000.0,281664.0,481664.0
Havana,1748,2,50000.0,184124.0,234124.0
Havana,1750,3,0.0,176413.0,176413.0
Havana,1751,3,0.0,410216.0,410216.0
Havana,1752,4,0.0,182211.0,182211.0
Havana,1753,3,0.0,19150.0,19150.0
Havana,1754,1,0.0,23924.0,23924.0
Havana,1756,1,0.0,119648.0,119648.0
Havana,1757,3,0.0,334767.0,334767.0
Havana,1758,3,0.0,328324.0,328324.0
Havana,1759,2,0.0,116000.0,116000.0
Havana,1760,11,1607615.0,5579594.0,7187209.0
Havana,1761,5,3500.0,1098369.0,1101869.0
Havana,1764,1,0.0,6000.0,6000.0
Havana,1765,3,146.0,140021.0,140167.0
Havana,1766,2,22589.0,676103.0,698692.0
Havana,1767,5,0.0,44040.0,44040.0
Havana,1768,14,0.0,164060.0,164060.0
Havana,1769,6,16097.0,1952053.0,1968150.0
Havana,1770,1,0.0,31803.0,31803.0
Havana,1771,8,0.0,1316691.0,1316691.0
Havana,1772,4,931837.0,6514428.0,7446265.0
Havana,1776,1,0.0,1584.0,1584.0
Havana,1777,1,0.0,700.0,700.0
Honduras,1717,2,57646.0,401591.0,459237.0
Honduras,1742,1,0.0,101203.0,101203.0
Honduras,1750,1,0.0,216218.0,216218.0
Honduras,1751,2,0.0,1028281.0,1028281.0
Honduras,1753,3,0.0,220664.0,220664.0
Honduras,1757,1,0.0,71340.0,71340.0
Honduras,1758,1,0.0,95728.0,95728.0
Honduras,1760,1,0.0,242149.0,242149.0
Honduras,1765,1,0.0,4600.0,4600.0
Honduras,1767,1,0.0,79556.0,79556.0
Honduras,1772,2,0.0,107221.0,107221.0
Honduras,1773,3,0.0,279054.0,279054.0
Honduras,1777,2,0.0,282420.0,282420.0
Portobelo,1718,1,61033.0,370093.0,431126.0
Portobelo,1769,2,0.0,68106.0,68106.0
Puerto Rico,1721,2,0.0,1120.0,1120.0
Puerto Rico,1722,1,0.0,1000.0,1000.0
Puerto Rico,1760,2,0.0,85977.0,85977.0
Puerto Rico,1761,1,0.0,22793.0,22793.0
Puerto Rico,1766,1,0.0,56450.0,56450.0
Puerto Rico,1769,1,0.0,106008.0,106008.0
Puerto Rico,1770,1,0.0,141858.0,141858.0
Puerto Rico,1771,2,0.0,27191.0,27191.0
Veracruz,1717,4,1079797.0,4033040.0,5112837.0
Veracruz,1718,10,1657589.0,5587860.0,7245431.0
Veracruz,1719,1,0.0,43712.0,43712.0
Veracruz,1720,3,697523.0,3235062.0,3932585.0
Veracruz,1721,12,804050.0,9863370.0,10667420.0
Veracruz,1723,6,3742.0,1490899.0,1494641.0
Veracruz,1724,1,647950.0,10873797.0,11521747.0
Veracruz,1730,9,629936.0,5964109.0,6586241.0
Veracruz,1735,2,1457998.0,2146460.0,3604458.0
Veracruz,1739,2,977528.0,4231813.0,5209341.0
Veracruz,1740,1,0.0,3500.0,3500.0
Veracruz,1741,5,0.0,141333.0,141333.0
Veracruz,1742,4,140543.0,385153.0,525696.0
Veracruz,1743,7,210000.0,2962716.0,3172716.0
Veracruz,1744,7,61450.0,880090.0,941540.0
Veracruz,1745,2,0.0,131416.0,131416.0
Veracruz,1746,5,175000.0,2602981.0,2777981.0
Veracruz,1747,4,987968.0,4831706.0,5819674.0
Veracruz,1749,2,0.0,1212129.0,1212129.0
Veracruz,1750,9,1070790.0,13041669.0,14112459.0
Veracruz,1751,7,4803.0,4766182.0,4770894.0
Veracruz,1752,6,2037911.0,9006151.0,11044062.0
Veracruz,1753,8,367145.0,5783443.0,6150588.0
Veracruz,1754,6,2380843.0,6116082.0,8496925.0
Veracruz,1755,13,2514328.0,11743284.0,14257612.0
Veracruz,1756,10,2812525.0,7847987.0,10660502.0
Veracruz,1757,6,1000000.0,4049505.0,5049505.0
Veracruz,1758,7,1139226.0,14027451.0,15166677.0
Veracruz,1760,2,0.0,101207.0,101207.0
Veracruz,1761,10,2098622.0,6581503.0,8680125.0
Veracruz,1764,7,31986.0,3384737.0,3438354.0
Veracruz,1765,6,1268401.0,8599292.0,9867693.0
Veracruz,1766,5,0.0,137000.0,188000.0
Veracruz,1767,8,91089.0,20830285.0,20921374.0
Veracruz,1768,7,599236.0,4631794.0,5231030.0
Veracruz,1769,5,0.0,281833.0,281833.0
Veracruz,1770,5,1830402.0,14353585.0,16183987.0
Veracruz,1771,1,0.0,26392.0,26392.0
Veracruz,1773,15,4295.0,706088.0,710383.0
Veracruz,1774,8,3251045.0,19081334.0,22332379.0
Veracruz,1776,6,1718474.0,2538927.0,4257401.0
Veracruz,1777,9,0.0,643851.0,643851.0
Veracruz,1778,1,0.0,267680.0,267680.0
